State,"Percent of adults with a high school diploma only, 2011-2015","Percent of adults completing some college or associate's degree, 2011-2015","Percent of adults with a bachelor's degree or higher, 2011-2015"
US,27.8,29.1,29.8
AL,31,29.7,23.5
AL,33.5,30.4,23.2
AL,28.8,31.8,29
AL,34.5,26.3,12.5
AL,42.1,27.9,10.6
AL,33.4,32.2,12.9
AL,33.3,17.7,13.9
AL,37.7,25.6,14.5
AL,31.8,31.5,17.6
AL,38.4,29,11.6
AL,36.4,29.3,13.8
AL,39.2,25.1,14.1
AL,36.8,27.8,11.8
AL,43.9,23.7,12.9
AL,36.3,29.2,9.6
AL,38.3,24.8,12.1
AL,29.5,31.3,23.9
AL,34.5,30.7,18.6
AL,44.5,25.4,8.2
AL,37.6,28,8.5
AL,33.6,31.9,14.3
AL,38,25.7,14.3
AL,34.7,32.6,14.6
AL,32.2,36.8,16.4
AL,34.6,29.4,14
AL,35.2,26,11.2
AL,35.4,29.8,21.4
AL,42.1,25.2,12.5
AL,31.9,34.5,16
AL,38.8,24.6,14.1
AL,37.5,25.7,11.4
AL,37.1,29.6,12.3
AL,38.9,26,10.9
AL,42.9,23.9,13.9
AL,35.5,26.8,16.5
AL,33.1,31,20.6
AL,39.8,24.6,12.4
AL,26.5,31.2,30.8
AL,37.1,28.8,11.5
AL,34.1,28.4,21.8
AL,40.6,27.1,11.1
AL,25.5,29.1,34
AL,32.1,27.8,23.2
AL,35.3,24.7,14.1
AL,30.9,31.2,19.3
AL,21.3,30,39.4
AL,42,27.4,15.3
AL,34.5,32.1,11.5
AL,31.9,29,16.6
AL,32.8,30.5,22
AL,44.7,23.9,12.2
AL,26,28.2,31.1
AL,31,30.5,21.3
AL,38.6,22.7,13.2
AL,42.2,26.6,9.9
AL,33.9,22.5,23.4
AL,35.6,25.1,15.1
AL,31.4,33.8,17.1
AL,35.5,32,15.6
AL,21.4,29.2,40.8
AL,40.5,21.5,16.3
AL,36.3,29.9,13.1
AL,34.4,28.1,17.3
AL,30.5,28,28.5
AL,36.5,31,10.8
AL,46.1,24.5,9.9
AL,41.3,23.5,12.5
AL,33.7,29.3,11.4
AK,27.8,36.3,28
AK,,,
AK,39.4,28.2,14
AK,37,32.2,14.7
AK,24.1,35.6,33.2
AK,43.6,23.7,11.6
AK,30.7,41.3,20
AK,23.9,38,33.3
AK,38.1,32.2,16.2
AK,23.4,39.2,31.7
AK,27.7,32.1,35.6
AK,31.3,32.4,26.6
AK,21.1,35.2,38.5
AK,33.1,37.5,22.8
AK,32.8,35.3,23.8
AK,27.3,38.4,24.7
AK,49,23.5,5
AK,,,
AK,42.9,31.5,12.9
AK,31.6,39.9,20.7
AK,41.3,29.2,14.1
AK,36.8,38,13.9
AK,43.6,24.5,10.6
AK,31.2,37.4,25.3
AK,40.9,34.1,15.5
AK,,,
AK,22.1,39.5,31.2
AK,29,32.4,35.9
AK,,,
AK,,,
AK,33.2,41,17.9
AK,,,
AK,27.2,36.6,28.7
AK,35.6,34.7,19.9
AK,,,
AK,44.7,34.5,15.3
AK,40.1,31,11.2
AZ,24.4,34.1,27.5
AZ,33.4,32.6,10.8
AZ,23.4,40.4,22.9
AZ,21.3,33.5,33.6
AZ,30,37.3,16.7
AZ,32.9,38.7,13.2
AZ,37.5,37.4,10.8
AZ,36.6,29.4,9.9
AZ,23,33.3,30.4
AZ,35.7,36.5,11.8
AZ,29.5,37.2,14.7
AZ,22.8,34.5,30.3
AZ,30.1,36.9,18
AZ,25.3,25.9,22
AZ,25.6,38.4,25.6
AZ,25,31.7,14.4
AR,34.9,28.7,21.1
AR,42.5,27.2,12.4
AR,41.4,30.3,13.2
AR,35.6,34,17.9
AR,30.8,25.8,30.2
AR,35.9,35.2,14.7
AR,42.1,24.5,13
AR,49.3,21,10.4
AR,35,31.5,16.7
AR,44.6,23.3,11.1
AR,33.6,29.4,23.9
AR,43.8,23.9,11
AR,39.2,29,16.8
AR,44.8,26.1,15.4
AR,38.2,25.9,20
AR,42.1,25.7,16.5
AR,32.8,29.3,25.4
AR,38.7,32.3,14.5
AR,36.3,28.3,16.4
AR,45.8,20.6,13.7
AR,50.5,19.5,13.1
AR,40.4,25.1,11.9
AR,35.5,26.6,20.5
AR,30.6,31.9,28.3
AR,40.4,29.4,12.3
AR,43,31.9,10.6
AR,32.2,34.6,21.4
AR,43.1,28.7,17.1
AR,43.1,25.5,15.4
AR,38,27.9,12.2
AR,42.1,29.6,13
AR,33.5,29.4,15.1
AR,38.9,28.2,15.9
AR,40,29.4,12.7
AR,45.3,22.8,8.8
AR,38.7,28.6,17.5
AR,41.1,21.1,17.1
AR,43.3,23.3,11.8
AR,42.7,26.5,12.9
AR,39.5,21.4,7.9
AR,48,21.5,8.9
AR,40.6,34.3,10
AR,43.7,26.2,12.6
AR,34,34.1,19.1
AR,46,21.7,10.7
AR,43.4,28.8,13.2
AR,39.3,31.7,14.3
AR,36.6,29.9,13.2
AR,41.2,26.3,9.4
AR,37.6,30.4,12.3
AR,42.8,26.4,14.1
AR,42.4,25,14.6
AR,43.2,26.8,16.1
AR,42.1,27.7,11.5
AR,31.7,33,10.8
AR,35.6,31.4,14.6
AR,42.6,26,8.4
AR,39,34.1,12
AR,33.2,28.6,20.9
AR,41.8,27.1,10.3
AR,27,29.8,32.9
AR,39.3,29.8,13.4
AR,39.7,27.4,11.4
AR,33.9,31.7,23
AR,39.6,26.1,11.6
AR,40.2,27.8,13.9
AR,31.9,31.1,19.2
AR,34.9,26.4,7.9
AR,45.9,27.4,9.9
AR,35.4,27.8,15.9
AR,37.7,28.2,17.5
AR,42.7,27,12.3
AR,27.9,25.2,30.5
AR,37.6,26.2,19.5
AR,44.5,18.6,10.4
AR,40.6,22.6,12.6
CA,20.7,29.6,31.4
CA,18.5,25.5,43
CA,30.6,31.4,27.5
CA,27,40.1,21.3
CA,22.6,39.5,25.9
CA,27.6,43.2,20.9
CA,21.7,31.9,14.6
CA,18.7,30.6,39.6
CA,29.1,35.7,15.1
CA,21.8,38.4,32.1
CA,22.8,31.3,19.4
CA,29.6,30.6,14.9
CA,25.2,36.6,28
CA,21.9,30.4,14.1
CA,30.9,32.9,23.9
CA,27.3,30.8,15.4
CA,24.8,34,13.4
CA,28.3,40.1,16
CA,28.8,38.9,12.3
CA,20.7,26.3,30.3
CA,25.1,32.4,13.3
CA,11.8,25.3,55.8
CA,28.5,38.9,22.1
CA,26.5,36.6,23.7
CA,24.8,29.9,13.1
CA,26.1,42.7,18
CA,16.8,35.8,32.3
CA,20.8,26.8,23.1
CA,19.3,31.5,32.4
CA,20.2,40,33.7
CA,17.7,28.8,37.7
CA,19.4,38.2,36.4
CA,23.9,44.7,22
CA,25.8,33.3,20.9
CA,22.3,35.6,28.8
CA,24.4,34.6,19
CA,26.2,33.4,19
CA,19,31.3,35.7
CA,12.7,20.5,53.8
CA,26.4,33.2,18.4
CA,19.7,37,33
CA,16.5,26.2,45.6
CA,17.7,29.7,32.2
CA,15.2,23.9,47.9
CA,15.5,31.9,38.2
CA,25.8,43.8,19.6
CA,34.5,39.3,18.9
CA,24.9,40.9,22.7
CA,23.8,38.7,24.9
CA,19.9,34.4,32.9
CA,28.3,32.4,16.5
CA,24.8,36,17.6
CA,30.5,37.4,14.4
CA,31,39.8,20
CA,25.2,29.3,13.8
CA,29.7,40.2,20.4
CA,19,32.4,31.7
CA,19.7,26.8,39
CA,25,41.5,14.3
CO,21.8,30.8,38.1
CO,28.8,31.3,22.2
CO,25.9,33.5,25.5
CO,20.4,31.5,40.1
CO,26,30.5,35
CO,31.6,36.6,19
CO,44.5,24.7,7
CO,12.7,22.5,58.9
CO,14.7,29.1,51.9
CO,26.7,30.3,34.1
CO,33.6,34.9,22.5
CO,22,33.3,41.5
CO,32.8,32.4,19.5
CO,27.4,30.6,17.9
CO,39.1,33.2,11.1
CO,18.7,39.3,35.5
CO,37.5,31.4,20
CO,17.7,23.5,45
CO,37.8,30.5,21
CO,12.9,28.2,56.6
CO,17.9,24.5,46.7
CO,27,38.3,30.6
CO,21,36.9,35.9
CO,39.2,32.3,15.2
CO,26.1,30.1,29.7
CO,24.4,39.3,32.1
CO,25.5,32.5,36.4
CO,17,23.6,54.4
CO,21.5,33.2,40.4
CO,27,34.3,27.1
CO,41.5,28,18.1
CO,21.3,31.1,41.6
CO,34.3,36.5,20.3
CO,38.5,31.7,13.3
CO,35.5,29.1,27.4
CO,19.4,31.9,43.3
CO,19,32.1,44.3
CO,28.3,39,17
CO,42.2,22.4,15.1
CO,31.3,39.7,15.8
CO,29.1,34.5,26.3
CO,21.4,34.1,42.3
CO,40.3,34.4,15.3
CO,29,34,26.7
CO,31.6,31.3,24.5
CO,32.1,33.2,14.9
CO,28.9,40.3,15.6
CO,19.4,26.7,52
CO,25.5,41,29.2
CO,29.1,37.8,21.2
CO,11.5,24.6,59.1
CO,27.8,40,13.5
CO,29,37.3,21.6
CO,33.7,35.4,22
CO,29.5,31.8,22
CO,20.5,26,50.4
CO,24.7,26.9,27
CO,33.5,29.7,29.1
CO,18,22.7,53.9
CO,35.1,35.1,20.6
CO,17.2,28.8,48.8
CO,24.8,36.4,31.8
CO,35.1,39.5,16.3
CO,27,33.7,26.1
CO,31.7,35.2,21.5
CT,27.4,24.9,37.6
CT,22.6,21.3,45.8
CT,27.1,25.4,36.3
CT,29.3,28.5,33.6
CT,26.8,26.4,40.6
CT,30.2,24.9,34
CT,31.2,27.9,32.1
CT,27.4,28,38
CT,34.3,30.8,23.1
DE,31.1,27.3,30
DE,33.5,30.3,22.5
DE,28.6,26.5,35
DE,35.3,27,23.2
DC,18,16.8,54.6
DC,18,16.8,54.6
FL,29.5,30.1,27.3
FL,21.5,29.5,41.6
FL,43.8,26.3,11.5
FL,30.6,35.1,22.2
FL,37,28.7,10.9
FL,28.8,34.6,27.3
FL,27.6,29.8,30.8
FL,37.5,27.3,10.5
FL,34.9,33.6,20.8
FL,38.2,31.5,16.9
FL,30.7,35.9,23.8
FL,26.7,26.1,33.2
FL,36.1,34.4,15.1
FL,40.9,20.2,9.7
FL,41,29.9,7.9
FL,28.6,32.7,27.3
FL,28.9,36.2,24.5
FL,34.7,33.3,23
FL,35.4,27.9,15.5
FL,34.6,26.5,17
FL,38.8,32.7,11.4
FL,44.5,24,8.4
FL,34.7,31.4,16
FL,37.4,26.3,9.9
FL,41.1,17.5,10.7
FL,32.2,21,9.8
FL,37.5,33.9,15.6
FL,36.3,29.6,16.7
FL,27.3,29.6,30.6
FL,36.9,27.6,11.3
FL,30.3,31.2,26.8
FL,36.5,29.1,13.7
FL,31.5,29.9,18.5
FL,36.7,27.1,11.6
FL,33.5,32.4,21.5
FL,31.6,29.4,26
FL,19,28.3,45
FL,40.9,29.7,10.9
FL,43.5,22.6,11.2
FL,39,31.7,11.3
FL,30.7,29.5,27.7
FL,36.6,31.6,17.8
FL,26.1,32.1,31.6
FL,28.5,24.7,26.9
FL,27.9,31.7,31.3
FL,35.5,31,23
FL,26.2,36.2,28.8
FL,37,22.7,10.6
FL,26.1,30.4,31.1
FL,34.3,33,18
FL,25.5,28.7,33.6
FL,33.7,32.9,21.4
FL,29.5,31.7,28.9
FL,36.2,28.5,18.9
FL,38.8,27.8,11.8
FL,21.2,30.5,42.1
FL,33.4,32.2,19.9
FL,28,35.8,26.6
FL,30.2,29.7,32.4
FL,24.1,33.6,35.3
FL,30.6,30.9,28
FL,40.8,26.4,11.6
FL,39.2,28.1,9
FL,37.4,28.9,7.8
FL,33.8,33.3,21.6
FL,39.4,33.4,16.1
FL,28.1,31.2,25.9
FL,41.3,27.9,11.1
GA,28.4,28.2,28.8
GA,42.8,20.3,13.1
GA,39.2,22.5,7.8
GA,40.5,24.3,12.8
GA,42.2,29.5,8.6
GA,39,25.8,17.7
GA,45.5,21.4,11.2
GA,35,30.4,16.5
GA,35,28.9,17.8
GA,41.7,27.1,10.9
GA,38,30.8,12.5
GA,32.6,26.8,23.8
GA,44.8,22.8,16.5
GA,45.6,25,8.4
GA,38,28.3,11.7
GA,27.6,30.9,31.1
GA,28,29.8,29
GA,39.9,28.1,9.6
GA,43.8,22.2,10.1
GA,38.6,24.3,9.9
GA,31.4,38.7,21.1
GA,34.9,23.6,15.4
GA,35.8,26.6,17.9
GA,31.7,33.9,18.6
GA,41.8,22.8,10
GA,25.5,30.9,32.6
GA,27,39.1,25.7
GA,39.7,22.2,8.8
GA,24.8,30,34.7
GA,21.8,24.3,40.2
GA,44.8,27.1,7.8
GA,32,32.1,18.3
GA,35.4,24.3,13.5
GA,19.5,27.4,44.1
GA,39.1,24.7,13.7
GA,36.7,23,13.1
GA,23.8,32.7,35.3
GA,39.5,22.9,12.9
GA,31.6,29.2,27.6
GA,35.6,29.9,12.8
GA,35.7,27.9,14.6
GA,35.5,30.7,14.1
GA,29,29.2,27.6
GA,34.9,29.1,15.8
GA,21,26.2,41.1
GA,42.1,24.2,14.7
GA,43.4,22.3,9.2
GA,29.3,32.8,18.9
GA,31.2,30.6,26
GA,38.1,25.8,15.2
GA,36.2,27,8.3
GA,38.2,30.8,16.9
GA,45.7,20.5,10.6
GA,40.2,25.5,10.8
GA,37.9,21.1,15.4
GA,38.8,26,16.2
GA,21.5,28.6,43.8
GA,31,29.4,18.6
GA,19.3,27.1,45.6
GA,38.3,23.7,12.6
GA,18,23.6,49.3
GA,35.5,25.9,16.7
GA,44.6,26.6,8.1
GA,28.2,31.8,27.3
GA,35.7,26.6,13.7
GA,36.8,25.6,13.3
GA,35.6,21.6,24.7
GA,23.4,29.2,34.7
GA,34,26.7,17.5
GA,28.1,27.2,22.7
GA,40.6,21.7,10.3
GA,37.7,26.6,14.1
GA,27.4,35.5,26.6
GA,37.9,29,13.6
GA,43.2,23.2,10.1
GA,30.5,32.1,27
GA,30,36.1,23.5
GA,44.2,30.2,10.6
GA,34.3,29.2,19.2
GA,40.2,26.6,11.9
GA,40.2,28.9,9.7
GA,41.2,21.6,10.1
GA,36.8,22.2,12.2
GA,39.3,27.4,8.9
GA,37.3,29.7,19.7
GA,37.9,29.7,17.1
GA,30.5,33.2,12.7
GA,43.6,22.4,15.1
GA,28.6,34.9,23.2
GA,31.5,39.8,18.7
GA,42.2,26.9,12.1
GA,36.9,33.2,15
GA,28.3,32,23.5
GA,28.6,28.3,28.1
GA,38.6,24.1,14.2
GA,35.8,32.5,13.1
GA,37.8,26,7.9
GA,39.9,26.1,15.6
GA,37.5,25.9,12.2
GA,39,25.3,9.3
GA,40.3,26.4,12.8
GA,39.8,23,11.4
GA,35.4,25,21.3
GA,42.3,23.6,14.6
GA,34.8,25.5,22.1
GA,36.8,22.9,10.3
GA,27.7,34.6,24.1
GA,32,32.1,20.2
GA,21.3,27,44.9
GA,36.1,25.9,17.2
GA,35.6,30.2,23.8
GA,30.1,34.1,20.9
GA,30.8,27.5,25.1
GA,39.3,26.3,14.2
GA,39.2,31.7,16
GA,38.1,24.1,13.1
GA,43.6,25.2,12.1
GA,39,28,17.5
GA,40.7,25.7,6.7
GA,34,26.2,25.9
GA,35.3,22.9,14.7
GA,31.1,31.7,20.4
GA,31.2,29.4,25.5
GA,34.4,28.1,14.7
GA,42.2,25.5,13.3
GA,40.3,27.2,15.1
GA,36.5,26.6,15.9
GA,38.3,25.6,16.2
GA,35.6,14.7,10.8
GA,31.4,26.1,19
GA,43.3,21.1,13.7
GA,43.9,15.1,9.9
GA,38,24.7,11
GA,36.5,27.9,11.1
GA,49.3,14.9,9.3
GA,31.5,27.3,11.2
GA,32.7,29.2,19.2
GA,33.6,29.3,16.8
GA,39.2,24.4,15.7
GA,34.9,31.3,22.4
GA,41.6,20.8,14.8
GA,35.8,29.5,18.7
GA,35.9,26.5,11.7
GA,38.7,19.9,9.7
GA,33.4,32.5,21.9
GA,35.4,29.1,12.1
GA,37.2,28.1,14.7
GA,35.6,31.8,17.9
GA,40.8,27.7,12.9
GA,42.3,16.3,12.5
GA,41.5,23.6,12.9
GA,42.1,26.9,13.1
GA,46.3,21.8,7.6
GA,54.8,16.4,5.6
GA,31.2,33.4,20.7
GA,28.9,25.6,14
GA,50,19.3,8.5
GA,43.4,20.6,15.7
GA,51.2,22.6,7.4
GA,41.1,24.2,9.4
HI,27.9,32.3,30.8
HI,31.9,32.6,26.8
HI,26.4,31.8,32.7
HI,29.5,24.4,34.6
HI,30,33.6,28
HI,31.2,34.2,26.1
ID,27.5,36.1,25.9
ID,21.4,35.8,37.1
ID,35.4,31.6,21.5
ID,26.6,38.6,26.4
ID,39,35.1,19.1
ID,40.8,31.9,13.3
ID,29.4,38.3,17.5
ID,18,29.4,42.9
ID,27.8,41.3,25.1
ID,31.4,38.9,20.9
ID,27.5,36.4,27.2
ID,36.8,35.7,16
ID,36.5,37.6,15.6
ID,27.8,40.9,18.3
ID,32,33.4,17.7
ID,35.5,36.6,19.3
ID,26.9,35.2,17.8
ID,34.1,23.7,15
ID,34,35.5,16.9
ID,34.8,28.9,27.1
ID,27.9,41.2,16.6
ID,33.4,38.4,18.4
ID,34.2,34.5,20.5
ID,37.7,33.2,16
ID,33.1,28.4,14.3
ID,37.3,32.7,19.3
ID,30.8,36.9,20.2
ID,28.2,30.1,14
ID,28.4,40.5,23.3
ID,19.8,30.1,45.6
ID,33.7,36.2,21.5
ID,34.3,39.1,15.2
ID,38.3,28.7,11.6
ID,15.8,44.8,34.8
ID,29.2,34.6,12.9
ID,30.7,37.3,23.4
ID,38.4,41.1,14.1
ID,36.9,28.9,8.9
ID,33.1,37.4,15.7
ID,39.8,25.4,13
ID,36.2,36,14.1
ID,20.1,30.3,39.8
ID,28.9,38.9,17.7
ID,28.6,35,29.8
ID,34.4,34.5,13.9
IL,26.8,28.8,32.3
IL,36.1,34,21.2
IL,35.8,33.8,8
IL,39.8,29.6,17.6
IL,36,30.6,20.2
IL,41.9,29.9,14
IL,39.4,32.7,17.9
IL,43.5,32.3,15.6
IL,43.3,31,16.2
IL,46.5,25.2,13.9
IL,22.8,28.1,43.4
IL,44.1,29.8,14.2
IL,38.2,33.9,18.1
IL,38.6,34.6,14.8
IL,32.7,36,20.8
IL,32.2,34,24.1
IL,24,25.6,35.8
IL,33.6,36.6,18.8
IL,37.2,37.4,13.6
IL,26.3,35.9,30
IL,38.6,34.5,19.2
IL,36.2,29.9,17.8
IL,19,26.6,46.7
IL,39.2,30.1,18.1
IL,36.8,40.5,11
IL,36.4,33.8,20.9
IL,40,29.5,13.2
IL,38.8,33.7,16.6
IL,34.4,38.4,14.8
IL,35.9,35.8,16
IL,41.4,35.1,9.5
IL,40.9,32.8,11.9
IL,37.6,34,20.8
IL,35.3,38.4,14
IL,37.5,34,20.3
IL,34.3,37.3,11.8
IL,44,30.1,13.9
IL,35.2,33.8,20.6
IL,41.1,32.3,15.3
IL,25,31.4,35.3
IL,39.1,32.9,17.6
IL,32.8,36.9,16.3
IL,37.7,35.8,17.4
IL,38.2,30.4,23.6
IL,31.4,36,16.7
IL,23.5,27.6,31.6
IL,34.1,34.8,18.8
IL,24.6,34.2,34.8
IL,36.6,32.9,17.7
IL,21.3,24.9,43.2
IL,37.5,34.5,16.2
IL,34.3,33.5,9.4
IL,37.7,33,17.3
IL,40.5,31.9,15.2
IL,33.3,35.6,17.2
IL,29.2,29,34.1
IL,26.5,33.4,32.5
IL,25.7,25.3,44
IL,34.6,31.5,22.9
IL,37.3,34.4,18.1
IL,32.3,34.4,25.3
IL,35.4,37.8,14.5
IL,40.3,34.6,16.8
IL,41.3,31.9,14.1
IL,31.7,35.8,14.7
IL,37.2,32,23.1
IL,41.9,34.1,15.7
IL,33.7,32.8,27.5
IL,41.7,30.9,13
IL,41.4,26.8,22.3
IL,36.9,31.8,15.7
IL,33.7,34.7,19.8
IL,28.6,32.4,29.2
IL,38.3,34.1,13.4
IL,34.7,32.2,27.6
IL,43,29.3,15.2
IL,32.3,38.3,15.1
IL,35.5,33.3,11.6
IL,42.7,35.1,12.5
IL,42.4,30.3,12
IL,33.3,34.1,20.9
IL,31.8,34.3,22
IL,28.1,36.2,26
IL,33.1,38.7,14
IL,28.1,30.6,33.4
IL,39,32.7,15.9
IL,49.4,29.5,11.9
IL,45.5,31.3,14.9
IL,38.8,32.1,17.6
IL,35.3,37.1,18.1
IL,33.1,34.6,25
IL,31,32.1,21.6
IL,40.6,32.4,13.8
IL,32.2,41.5,15.6
IL,35,31.9,20.9
IL,35,35.4,20.9
IL,34.4,38.4,13.8
IL,35.1,39,13.6
IL,35,36.2,16.9
IL,27,30.4,33
IL,30.4,38.3,21
IL,33.3,32.1,21.9
IL,32.7,32.7,28.4
IN,34.6,29.1,24.1
IN,44.1,26.1,15
IN,29.4,32.9,27
IN,34.3,26.6,29.4
IN,45.2,26.8,16.9
IN,49.5,25.9,10.1
IN,26.7,23.9,42.7
IN,37.9,29.6,22.3
IN,41.3,29.6,17
IN,40.8,27.9,14.2
IN,34,33.1,20.1
IN,44.9,27.3,15.1
IN,45.6,25.6,15.1
IN,49.7,23,9.7
IN,37.2,23.9,13.7
IN,39.6,31.3,19.5
IN,45.3,27,16.2
IN,40.6,30.5,17
IN,35.5,29.9,23.2
IN,41.9,27.3,18.7
IN,36.9,25.8,18.1
IN,42.8,27.8,9.8
IN,32.1,31.2,25.8
IN,44.2,29.9,13.6
IN,42.6,25.1,19.3
IN,43.6,28.4,13.2
IN,40.3,34.4,15.1
IN,41.5,27.6,17.3
IN,41.1,30.7,13.7
IN,15.9,24.3,55.9
IN,33.3,32.4,28.3
IN,41.9,29.9,16
IN,28.9,31.4,33.4
IN,43.5,27.5,15.6
IN,36.4,32.8,18.9
IN,43.4,28.3,18
IN,48.1,24.4,15
IN,42.8,29.8,15.3
IN,48.6,25.4,10.1
IN,39.5,29.6,17.6
IN,47.4,26,10.4
IN,33.8,29.7,28.5
IN,37.8,34.9,15.2
IN,37.7,27,20.7
IN,33.1,20.1,9.8
IN,35.4,31.4,20.4
IN,39.2,30.2,17.2
IN,42.9,30.6,13.8
IN,39.1,30.6,17.5
IN,28.5,28.3,28.3
IN,40.5,25.8,18.3
IN,43.1,27.8,12.1
IN,42.7,30.1,11.9
IN,22.3,25.1,45
IN,44.2,28.2,16
IN,41.6,31,15.7
IN,49.5,26.8,9.7
IN,41.1,28.9,14.3
IN,49.4,25,12.9
IN,46.5,25.1,11.4
IN,43.7,29.1,10.5
IN,40.5,31.4,13.5
IN,51.2,23.1,11.5
IN,46.7,28,11.6
IN,35.2,30.4,26.4
IN,39.5,33.3,20.6
IN,46.2,28.6,11.4
IN,42.8,29.9,15.2
IN,44,29.1,12.3
IN,44.9,25.9,16.4
IN,47.4,23.5,14.9
IN,31.2,28.9,27.9
IN,42.6,28.2,12.2
IN,44.1,28.3,14.8
IN,43.6,30.4,15
IN,42.3,28.3,11.6
IN,38.1,31.5,20
IN,42.1,30.4,13.2
IN,46.6,28.7,9.1
IN,26.6,28.5,35.2
IN,40.5,28.5,19.4
IN,42.6,26.8,18.6
IN,34.5,31.3,24.2
IN,43.9,31.5,13.5
IN,33.6,31.3,22.5
IN,42.5,26.9,18.8
IN,43.8,26.3,18.6
IN,33.8,32.3,27
IN,45.9,25.8,12.4
IN,38.6,28,17.4
IN,41.8,31.3,17.6
IN,44.3,29.7,15.5
IN,42.3,30.1,18.4
IA,32.2,32.6,26.7
IA,44.7,32.5,15.3
IA,39.1,38.5,15.1
IA,42.1,30.1,16.3
IA,36.3,34.7,17.6
IA,42.3,33.4,14.3
IA,36.4,34.7,21.6
IA,32.7,30.7,27
IA,34.8,35.9,23.2
IA,33.4,32.7,28.6
IA,42.9,32.6,16.8
IA,31,29,18.9
IA,40.8,36.3,15.2
IA,37,37,18.4
IA,40.6,31.7,20.1
IA,44.3,27.7,19.9
IA,37,34.1,21.5
IA,31.8,39.7,22.2
IA,35.6,36.2,18.8
IA,43.2,31.5,15
IA,44.6,30.2,13.9
IA,36.9,37.1,19.3
IA,44.5,30.5,16.8
IA,36.3,35.6,19.6
IA,35.8,28.2,13.5
IA,21.1,29.6,44.2
IA,37.4,31.6,16.8
IA,38.6,28.7,19.8
IA,44.1,31,14.8
IA,35.6,35.8,20
IA,29.6,37.8,27.4
IA,35.4,28,28.7
IA,34.6,38.5,16.2
IA,39.5,31.5,18.5
IA,35.5,34.3,18.2
IA,38.1,33.4,16.7
IA,36.4,34.3,21.5
IA,35.7,37.3,18.6
IA,35.3,36.8,22.7
IA,39.3,33.5,19.2
IA,33.2,37.9,19.9
IA,36.4,37.6,18.1
IA,34.9,37.6,18.2
IA,38.1,35.4,17.4
IA,37.3,35.7,18.8
IA,44,31.7,12.8
IA,37.1,37.2,17.6
IA,40.1,32.2,19.3
IA,38.4,33.7,20.7
IA,44.8,30.6,15.3
IA,39.7,34.5,18.2
IA,30.4,32,31.9
IA,17.1,26.4,51.3
IA,39.6,35.9,16.6
IA,42.8,32.2,15.5
IA,38,36.8,19.1
IA,41.7,34.3,15.5
IA,27.2,35.8,31.5
IA,37.3,31.9,13.2
IA,44.9,30.9,14.9
IA,37.1,32.6,20.8
IA,38.9,33.4,21.7
IA,37.6,31.1,22.7
IA,35.7,31.5,24.8
IA,32.9,31,19.7
IA,35.9,33.3,23.8
IA,44.2,31.8,14.9
IA,43.3,33.8,14.5
IA,44.8,27,17.2
IA,37.6,35.8,14.9
IA,35,32.4,18.8
IA,37.7,35.6,18.8
IA,37.6,30.8,17.4
IA,34.7,33.5,20
IA,30.9,41.9,20
IA,35.6,36,20.5
IA,38.9,36.3,17.4
IA,25.3,30.7,35.8
IA,34.9,34.1,20.2
IA,36.8,31.5,24.6
IA,35.5,33.6,20.8
IA,39.3,32.9,19.7
IA,28.3,32.2,32.1
IA,36.8,33.6,21.3
IA,31.9,31.8,25.5
IA,18.8,28.8,48.3
IA,41,34.2,15.7
IA,42,34.8,14.5
IA,40,38,14.7
IA,43.5,32.8,12.7
IA,36.7,32.8,16.8
IA,32.6,34.8,28.2
IA,35.8,33.6,20.9
IA,43.5,32.1,13.9
IA,32.5,39,18.8
IA,35.1,36.5,20.6
IA,35.1,31.3,27.7
IA,34.2,30.2,21.1
IA,36.6,40.5,15.4
IA,37.5,35.4,17
KS,27,32.1,31
KS,33.4,39,18.2
KS,39.1,35.1,16.5
KS,41,31.9,19.9
KS,36.6,34.8,20.2
KS,33.9,35.3,16.9
KS,31.2,36.1,22.1
KS,39.8,33.1,19.8
KS,26.8,38.2,28
KS,33.5,32.3,24.3
KS,36.1,32.4,17.5
KS,34.6,35,17.4
KS,31.5,39,22.3
KS,26.1,36.1,29.7
KS,33.7,38.9,23.7
KS,34.2,39.4,17.5
KS,36.8,35,21
KS,28.4,39.3,24
KS,30.5,40.5,19.2
KS,28.2,33.2,28.6
KS,37.6,26.3,26.6
KS,36,33.4,20
KS,38.7,34.9,16.5
KS,20,25.8,49.1
KS,30.7,32.9,18.7
KS,35.3,36.3,17.4
KS,27.7,33.3,32.3
KS,32.2,36.2,21.2
KS,23.1,30.3,18.6
KS,23,28.4,17.9
KS,36.1,35.2,21.2
KS,29.8,42.3,20.4
KS,37.7,33.9,21.4
KS,32.7,34.1,26.5
KS,28.9,24.5,18.2
KS,25.6,31.5,19.1
KS,30.3,32.3,25.5
KS,40.1,33.2,16.5
KS,34.8,31.6,13.3
KS,36.6,32.2,19.7
KS,29.6,33.8,26.5
KS,20.9,32.1,17.7
KS,25.9,43.1,23.7
KS,40.6,34.7,18.7
KS,40.7,32.6,19.5
KS,39.4,38.6,15.4
KS,15.2,27.8,52.8
KS,23.4,37,17.2
KS,34.8,35.1,20.5
KS,26.9,37.2,27.3
KS,33.1,36.1,19.5
KS,29.7,41.7,21.4
KS,30.9,31.5,29
KS,32.3,41.5,20.3
KS,37.2,36,15
KS,35.5,38.6,18.2
KS,33.4,28.9,25.6
KS,29.1,34.4,27.4
KS,36.4,29.7,22.6
KS,44.8,32.7,16.6
KS,31.1,32.4,22.2
KS,32.5,38.7,23.3
KS,34,35.3,25.7
KS,32.1,39.6,17.1
KS,35.7,35.5,17.6
KS,32.5,39.2,13.9
KS,41.9,26,22.6
KS,33.6,39.5,18.6
KS,35.9,35.3,19.8
KS,34.6,34.3,17.4
KS,40.5,30.8,19.5
KS,36.3,33.4,20.6
KS,32.9,38.8,21.4
KS,28,39.3,21.7
KS,35.3,35.3,21.6
KS,31.2,32.3,32.2
KS,26.5,37.3,25.9
KS,30.8,36.2,25
KS,28.6,39.3,20.2
KS,35.1,37.7,20
KS,30.5,36.3,21.2
KS,17.4,32.7,44.9
KS,36.8,33.1,22
KS,33,35.7,21.7
KS,32.8,32.9,24
KS,33.5,32.9,23.4
KS,33.4,31,20.5
KS,26.8,32.7,29.4
KS,24.8,27.3,11.8
KS,31.1,30.8,29
KS,33.8,36.1,21.6
KS,33.3,41.9,14.1
KS,35.3,37.3,18.1
KS,28.7,36.9,21.8
KS,27.4,33.1,22.2
KS,35.6,31.8,15.4
KS,35.9,36.2,19.9
KS,28.9,36,28.3
KS,33.2,35.8,25
KS,38.9,33.2,23
KS,32.9,33.4,25.2
KS,38,35.1,17
KS,29.6,32.1,16.1
KS,36.8,34.2,14.7
KS,38.8,35.4,16
KS,32.9,29.8,15.9
KY,33.6,28.2,22.3
KY,36.3,22.8,15.9
KY,36,28,13.6
KY,38.8,30.4,18.9
KY,39.4,32,13.6
KY,41.5,24.1,15.6
KY,39.2,24.3,12.2
KY,35.6,20.8,9.8
KY,28.1,33.1,30.8
KY,36.7,30.2,16
KY,35.9,34.9,17.7
KY,35,28,22.7
KY,43.4,25.5,14
KY,34.3,23.3,11.2
KY,44,24.6,9.5
KY,40.8,31.2,14.3
KY,43.3,23.1,8.7
KY,44.9,25.6,16.4
KY,31.6,28.3,27.5
KY,31,29.2,29.1
KY,38.2,30.6,13.3
KY,44,22.9,11.2
KY,41.4,25.6,12.8
KY,37.4,24,11.2
KY,32.7,36,16.6
KY,35.2,28.1,20.7
KY,36.9,17.2,9.6
KY,36.2,23.8,9.6
KY,37.9,30.7,11.4
KY,39.1,24.6,13.4
KY,37.8,29.9,20.3
KY,42.1,23.4,13.3
KY,42,25.3,7.5
KY,48.6,17.9,7.8
KY,20.6,28,41.2
KY,38.9,26.6,12.8
KY,34.7,27.6,12.8
KY,31.8,28,27
KY,34.8,27.5,13.1
KY,44.2,27.8,10.1
KY,38.8,25.7,15.1
KY,44.8,25.3,12.4
KY,36.7,28.5,17.3
KY,42.2,25.8,9.1
KY,46,22.2,10.2
KY,37.4,31.5,16.9
KY,46.8,30.2,11.2
KY,32.1,33.8,23.2
KY,35.6,24.4,11.7
KY,42.5,24.9,14
KY,41.3,21.1,10.3
KY,36.6,32.6,16.8
KY,44.6,25.5,11.2
KY,41.2,30.4,9.2
KY,39.5,29.7,15.3
KY,43.4,19,9.7
KY,27.5,29.9,31.5
KY,28.9,27.3,29
KY,37.3,29,10.8
KY,29.4,30.9,28.9
KY,35.1,23.2,12.3
KY,40.7,18.6,11
KY,43.1,29.6,10.3
KY,37.9,26,12.3
KY,41.5,24.1,11.9
KY,42.5,21,7.9
KY,33.8,22.7,8.6
KY,36.1,25.6,11.8
KY,42.2,20.6,10.9
KY,44.5,22.9,10.6
KY,46.9,25.7,10.4
KY,40.3,24.8,13.2
KY,39,30.8,17.8
KY,31.3,33.6,23
KY,40.5,24.9,7
KY,39.9,30.8,10.9
KY,29.5,27.8,28.6
KY,37.8,22.6,8.5
KY,44.8,23.4,13.4
KY,41,29.3,15.8
KY,39.5,25.8,6.5
KY,38.3,28.9,16
KY,39.8,31.8,14.8
KY,39.1,24.1,10.7
KY,38.8,27,18.8
KY,40.9,23.3,11.6
KY,41.8,18.8,14.1
KY,39.1,26.2,17.1
KY,36.2,24.6,11.8
KY,42.1,25.1,10.4
KY,42,29,16.2
KY,40.7,27.4,11.2
KY,42.8,25.8,9.7
KY,23,29.8,39.4
KY,47,24.7,12.2
KY,34.6,16.8,16.6
KY,47.9,25.2,10.8
KY,32.2,26.9,14
KY,36.4,23.8,13.3
KY,40.7,20.4,13
KY,41.2,25.3,14.4
KY,36.1,22.5,16
KY,43.2,22.9,9.8
KY,31,24.1,26.9
KY,36.6,25.8,12.4
KY,30.7,30.6,27.8
KY,31.8,30.6,23.8
KY,42.6,26.8,15.1
KY,35.6,33.8,18.5
KY,40.6,26.2,15.8
KY,41.9,24.7,10.8
KY,30.1,34.9,17.6
KY,47.2,26.6,10.3
KY,40.2,31.7,11.3
KY,30.9,28.4,28.1
KY,41.6,24,14.5
KY,37,24.1,10
KY,42.3,27.2,9.2
KY,37.1,22.8,15.9
KY,38.5,17,11.9
KY,28.9,27.3,32.9
LA,33.9,26.9,22.5
LA,39.2,24.1,10.5
LA,44,23.7,11.6
LA,34.6,27.5,26
LA,39.5,22.5,10.7
LA,41.3,21.7,9.5
LA,42.7,26.1,15.1
LA,42.7,28.1,11.2
LA,29.4,33.3,25.7
LA,32.9,29.2,23.8
LA,35.8,29.3,20.7
LA,42.8,21.8,10.2
LA,38.5,28.5,15.8
LA,42.2,20.3,12.3
LA,40.7,22.7,12.8
LA,41.3,23.6,11.6
LA,41.2,27.3,12.1
LA,26.7,28.6,34.1
LA,38.5,21.5,8.8
LA,43.5,26.1,12.3
LA,34.6,22.2,12.6
LA,40.3,22.1,10.8
LA,42.3,27.6,8.6
LA,42.1,22.4,13
LA,38.3,24.9,13.1
LA,41.9,24.1,13
LA,31.1,28.8,24.6
LA,41.1,23.7,14
LA,28.7,27.6,29.9
LA,39.1,19.9,15.4
LA,43.6,22.8,11.7
LA,27.7,23.4,35.6
LA,40.2,25.7,18.3
LA,39.6,24.7,11.4
LA,43.5,22.9,12.7
LA,33.7,28.6,20.4
LA,23.2,26.7,35.3
LA,32.9,27.5,24
LA,39.3,26.6,14.2
LA,41.7,25.4,13.4
LA,37,28.1,18.4
LA,44.3,21,12
LA,41,23.3,14.5
LA,42,26.3,14.1
LA,40.9,28.1,12.5
LA,36.7,30.4,20.3
LA,45.7,24.1,10
LA,44.8,25.2,14.2
LA,37.5,28.6,16.5
LA,44.5,18.9,12.8
LA,42.1,23,13.2
LA,43.4,20.7,11.1
LA,27,30.9,30.6
LA,35.6,26.8,19.3
LA,45.6,23.5,10.3
LA,40,23.5,13.7
LA,44.9,27,11.7
LA,41,22.9,12.4
LA,35.8,32.5,19.2
LA,40.5,24,12.3
LA,40.5,25.7,14
LA,39.2,26,19.7
LA,44,19.9,11.1
LA,33.7,23.2,21.6
LA,42,23.9,12.5
ME,33.2,29.4,29
ME,37.2,31.1,20.3
ME,39,30.4,17.2
ME,24.1,27.4,43
ME,36.9,29.7,25.6
ME,33.1,27.9,32.7
ME,35.6,30.8,25
ME,34.8,27,31.2
ME,32.1,29.4,31.2
ME,45.6,27.4,18.1
ME,34.9,31.4,24.5
ME,40.5,30.7,17.4
ME,31.6,29.8,32.2
ME,41.3,31.2,15.4
ME,34,27.8,30.3
ME,38.3,29.3,20.1
ME,31.6,30.1,30.5
MD,25.5,25.9,37.9
MD,42,29,17.4
MD,25,28.3,38.3
MD,27.2,26.8,36.6
MD,31.5,32.6,29.1
MD,40.7,26.6,15.5
MD,30.6,28.4,33.1
MD,37.8,28.1,22
MD,32.2,32.7,27.4
MD,38.3,26.4,20.2
MD,25.2,28.2,39.1
MD,42.2,27.1,19
MD,28.1,30.9,33.8
MD,14.2,20.3,60.6
MD,33.2,23.9,30
MD,14,19.3,57.9
MD,26.1,28.5,31.1
MD,29.9,26.5,34.9
MD,30.6,29.5,30.6
MD,43.2,22.5,14.8
MD,27.9,26.7,33.9
MD,38.1,28.7,19.9
MD,31.9,27.5,28.5
MD,31.6,27.4,30.2
MD,29.8,24.1,28.7
MA,25.4,23.9,40.5
MA,24.9,30.1,40.1
MA,31.7,27.4,31.6
MA,30.2,26.7,25.9
MA,23.1,29.8,40.3
MA,26.2,25.6,37.5
MA,27.1,29.8,35.2
MA,30.8,28.3,25.8
MA,24.2,25.5,44.2
MA,21.1,19.3,52
MA,25.4,25.7,43.7
MA,21,22.2,50.6
MA,29,28.9,34.4
MA,23.6,19,41.7
MA,28.9,26.5,34.4
MI,29.9,32.8,26.9
MI,39.9,34.4,14.3
MI,43.2,27.1,18.4
MI,38.3,30,21.5
MI,33.4,39.8,16.5
MI,33.7,31.1,25.3
MI,42.8,30.6,11.7
MI,44.1,25.2,13.1
MI,36.6,35.5,19.2
MI,35.6,35.4,18.3
MI,34.2,33,24.2
MI,30.6,32,26.1
MI,40.8,33.7,13.5
MI,35.7,34.3,20.1
MI,36.2,35,16.9
MI,31.8,32.5,27.9
MI,39.4,31.6,18.1
MI,37.8,32.1,19.1
MI,39.3,33.2,11.6
MI,27.9,35.6,29.7
MI,35.4,34.9,17.2
MI,35.3,37.9,18.9
MI,39.9,30.9,22.4
MI,29.7,39.2,24.7
MI,26.2,34.2,33.2
MI,32.8,37.1,19.3
MI,40.2,32.5,12.3
MI,38.4,35.7,18.3
MI,26.9,35.4,31.5
MI,41.1,33.8,14.1
MI,40.2,31,15.5
MI,33.8,27.2,31.1
MI,44.3,29.4,14.1
MI,21.6,32.9,37.2
MI,38.1,35.2,14.9
MI,40,32,16.1
MI,45,27,19.3
MI,31.8,32,27.3
MI,34.8,35,20
MI,23.1,35,35.1
MI,42.4,31.5,12.7
MI,25.5,30.8,33.3
MI,32.6,37,22.8
MI,41.5,31,9.4
MI,37.1,36.2,17.5
MI,22.4,32.7,40
MI,36.7,33.8,19.2
MI,25.6,35.9,33.6
MI,45,31,12.4
MI,36.5,33.5,18.3
MI,30.6,35,23.3
MI,37.3,32.7,19.7
MI,33.1,32.6,28.8
MI,34.4,37.1,20.2
MI,34.4,32.2,22.7
MI,42.2,32.9,15.1
MI,29.6,31.4,32.5
MI,42.8,30.7,13.1
MI,36.2,35.4,18.6
MI,39,35.2,13.1
MI,41.9,32.9,10.7
MI,34.8,35.8,18.2
MI,41.1,31,13.9
MI,20.1,28.8,44.4
MI,34.7,33.8,16.8
MI,40.9,32.5,11.7
MI,40.6,35.7,15.1
MI,44.7,30.1,13.2
MI,40.6,33.4,9.7
MI,36.6,34.8,20.5
MI,28.9,31.3,31.1
MI,40.6,30.5,16.9
MI,38.9,34.8,14.4
MI,34.2,33.6,20.2
MI,35.3,36.9,17.4
MI,38.9,31.6,14.7
MI,45.1,30.5,12.3
MI,46.8,27.3,13.2
MI,36.6,38.6,15.7
MI,42,32.9,13.9
MI,34,32.8,19.5
MI,15.7,26.1,52.6
MI,30.3,32.4,22
MI,38.8,33.2,16.8
MN,26.1,32.7,33.7
MN,39.9,35.2,15.5
MN,28.4,37.1,27.8
MN,33.5,35.8,22.4
MN,26.1,37.9,26.6
MN,32.1,37.9,21.5
MN,42.4,30.2,17.4
MN,28.1,34.9,31.3
MN,37.6,31.7,21.3
MN,36.4,35,22.8
MN,21.2,28.7,45.2
MN,35.4,35.7,20.2
MN,36,37.7,15.9
MN,34.6,37.3,22
MN,27.3,34.9,31.7
MN,38.1,33.6,14.9
MN,25.1,31.6,39
MN,36.2,34.8,18.5
MN,31.4,38.5,23.2
MN,21.6,32.9,40.3
MN,33.5,36.8,23.7
MN,29.9,39.4,24.7
MN,39.9,33.4,16.9
MN,35.7,35.7,19.5
MN,36.7,36.2,16.1
MN,33,36.5,23.4
MN,33.4,40.5,18.9
MN,17.8,27.8,47
MN,34.3,37.2,21.4
MN,31.8,35.9,25
MN,37.8,35.2,17.7
MN,31.8,39.1,21.9
MN,34.8,37.7,18.8
MN,39.7,35,13.5
MN,27.9,38.6,22.2
MN,35,34.4,20.9
MN,36.5,34.5,18.4
MN,38.3,36.2,17.7
MN,36.2,34.3,24.4
MN,44.8,31.1,15.5
MN,35.5,33.9,21.2
MN,40.5,32.2,19.2
MN,35.1,31.2,25.8
MN,38,35.9,18
MN,37.1,35.7,12.9
MN,37.4,32.7,18.7
MN,38.6,31.5,18.9
MN,38.3,34.3,18.9
MN,38.3,36.6,14.7
MN,38.6,33.9,17
MN,32.6,36.4,19
MN,36.5,34.5,18.1
MN,27,34.6,32.5
MN,34.3,31,13.8
MN,38.5,35.1,15.1
MN,20.9,31.9,41.3
MN,30.5,36.3,24.5
MN,36,39,16.1
MN,42.6,33.2,13.2
MN,36,31.5,19
MN,31.1,36.5,23.2
MN,34.1,38.1,22.2
MN,21.9,27.7,40.4
MN,40.9,35.5,15.4
MN,37.9,33.4,17
MN,37.5,36.3,15.7
MN,31.8,31,27.6
MN,38.5,30.9,20.4
MN,37.3,35.6,19
MN,29.5,36.7,27
MN,23.4,33.1,38.2
MN,26.6,40.6,26.5
MN,40.8,32.3,16.3
MN,30.2,35.6,25.9
MN,35.5,31,25.4
MN,27.2,35.8,28.3
MN,38.6,33.8,16.2
MN,37.1,35.5,15.2
MN,34.8,37.3,18
MN,39.1,33,21.2
MN,39.3,36.9,12.7
MN,35.2,36.5,20.4
MN,22,32.4,41.6
MN,40,29.5,15.8
MN,30.5,43.4,17.5
MN,29.6,33.8,28.2
MN,28.9,37.8,27.3
MN,36.8,37.5,16.1
MS,30.3,31.4,20.7
MS,35.9,27,17.8
MS,36.3,28.4,16.2
MS,36.6,26,12.1
MS,31.4,30.6,14.9
MS,38.1,28.2,10.6
MS,25,27.4,21.1
MS,34.2,27.6,11.2
MS,37.3,28,13.6
MS,37.3,24.2,10.7
MS,33.4,32.1,13.5
MS,29.8,32.7,15.6
MS,34.4,31.4,13.9
MS,32.9,27.9,17.8
MS,27.6,31.9,17.6
MS,31.5,33.8,14.1
MS,36.8,26.5,15.3
MS,29.9,36.4,22.4
MS,28.2,29.9,26.7
MS,37.3,27.1,17.9
MS,40.7,27.2,12
MS,36.7,29.4,8.2
MS,30.2,31.2,15.6
MS,29.2,34,21
MS,28.8,35.3,21.3
MS,24.9,33.3,27.7
MS,36.9,22.7,12.3
MS,27.8,23.6,12.1
MS,34.9,18.4,7.2
MS,31.8,34.8,13.2
MS,31.4,36,20.1
MS,36.4,29.2,13.4
MS,36.4,23.7,16.5
MS,39.1,26.6,14.2
MS,28.2,32.9,18.4
MS,31.1,34.2,11.5
MS,20.9,29.9,38.3
MS,23.9,31.3,35.9
MS,30.9,36.1,18.7
MS,35.4,31.8,12.1
MS,35.1,28.5,11.8
MS,27.5,34.5,21.8
MS,33.8,25,17.5
MS,35.7,33.4,15.2
MS,29,32.2,21.8
MS,16,27.8,46
MS,36.5,27.2,13
MS,37.7,26.4,13.4
MS,33.8,28.7,14.6
MS,32.1,25.3,15.8
MS,32.7,31.6,13.5
MS,30.1,36.6,15.8
MS,30.5,22.9,11.9
MS,19.3,24,43
MS,36.7,28.9,14.9
MS,31.4,36.6,13.9
MS,41.3,32.3,8.3
MS,34.5,29.7,16.3
MS,34.7,29.8,13
MS,33.9,30.3,11.9
MS,29.1,25.4,12.9
MS,26.9,33.8,29
MS,34.4,25.3,11.2
MS,30.6,26.8,20
MS,38.9,28,12.7
MS,42.2,26.3,13
MS,34.4,35.7,13.4
MS,28.3,28.8,14.4
MS,32.1,23.4,8.5
MS,29.6,33.5,16.7
MS,32,30.2,12.9
MS,38.3,27.5,11.2
MS,30.6,28.3,17.3
MS,33.3,29.1,13.8
MS,41,26.3,11
MS,30.1,31.6,24.4
MS,30.1,27.8,18.8
MS,36.4,26.6,13.6
MS,34.5,31,17.2
MS,36.1,20.2,14.5
MS,31.5,29.7,16.5
MS,38.5,27.5,12.4
MS,36.2,26,13.3
MO,31.3,30,27.1
MO,33.9,24.6,30
MO,40.5,26.7,23.3
MO,42.1,25.1,22.7
MO,46.9,25.5,11.5
MO,41.3,26.2,14
MO,39.5,30.7,16.7
MO,43.3,28.6,13.1
MO,44.8,28.7,11.3
MO,45.4,23.7,10
MO,20.2,25.9,47.3
MO,36.8,31,19.5
MO,36.7,30,14.6
MO,44,27.1,17.4
MO,38.3,27,20.4
MO,36,30.7,21
MO,32,28.4,28.7
MO,49.6,22.3,16.7
MO,31.3,35.7,11.4
MO,34.8,32.8,24.7
MO,42.4,27,14.3
MO,49.2,21.3,15
MO,31.6,33.7,26
MO,43.3,30.9,12.8
MO,28.9,32.2,31
MO,38.7,35.7,17.6
MO,31.1,28.7,31.6
MO,41.4,27.2,19.5
MO,38.4,26.4,12.2
MO,41.3,29.1,15.3
MO,41.9,25.2,14.7
MO,40.5,26.7,15.8
MO,48.9,25.1,11.5
MO,39.2,25.5,13
MO,42.4,27.6,9.2
MO,38.6,22.6,11.8
MO,34.3,33.7,18.6
MO,43.2,26.3,15
MO,43.5,26.8,18.6
MO,27.9,33.1,29.5
MO,39.3,30.1,17.2
MO,48.6,22.6,12.3
MO,41.3,31,15.4
MO,42.7,30.2,10.3
MO,44.4,26.7,19.2
MO,36.2,26.9,24.2
MO,39,30.3,14.9
MO,40.4,28.2,12
MO,29.1,31.2,28.8
MO,35.6,28.8,22
MO,33.6,35.8,18.2
MO,30.7,33.8,26.5
MO,41.9,26.7,15.2
MO,38.9,28.6,13.9
MO,42.4,28.4,18.3
MO,38.7,28.4,16.8
MO,47.7,26.4,13.5
MO,43.4,28.2,14.8
MO,49.5,24,14.2
MO,42.6,23.7,20
MO,34.2,31,12.4
MO,43.8,28.3,15.5
MO,36.4,28.8,11.2
MO,42.8,25.4,15
MO,38.5,26.5,19.4
MO,50.1,24.2,13.9
MO,42.5,27.3,16.4
MO,40.7,21.6,10.8
MO,43.4,21.5,18.1
MO,48.7,27.7,14.1
MO,42.3,27.7,12.5
MO,41.3,24.4,13.4
MO,41.3,23.3,11.6
MO,33.1,33.9,18.8
MO,41.2,26.3,23.9
MO,39.6,30.9,11
MO,46.6,25.1,17.5
MO,44.2,26.4,12.9
MO,37.8,24.2,11.7
MO,44.4,26,15.9
MO,32.2,33.2,17.5
MO,33.2,26.2,27.8
MO,43.8,22.6,12.7
MO,22.4,32.4,40.4
MO,38.8,29.4,18.8
MO,31.3,34.4,24.1
MO,41.7,27.8,18.1
MO,48.5,26.6,12.3
MO,38.9,33.1,13.7
MO,47.3,27.6,13.8
MO,44,24.4,8.1
MO,39.1,27.1,11.1
MO,26.1,32.5,35.5
MO,45.7,24.9,10.8
MO,42,31.4,13.3
MO,34.2,32.8,14.1
MO,22,29.2,41.6
MO,39.4,27.2,18.8
MO,45.9,27.6,12.4
MO,40.7,24.5,14.8
MO,42,26.3,13.2
MO,37.9,28.4,15.1
MO,46.4,31,13.1
MO,39.9,26.8,13.7
MO,40.1,29.7,16.3
MO,47.3,23.8,12.9
MO,35.5,33,18.3
MO,43.8,25.9,13
MO,41,30.3,16.3
MO,37,31.7,15.8
MO,42,26.1,7.1
MO,36.6,27.6,10.7
MO,40.5,29.5,15.8
MO,42.3,28.4,17.5
MO,40.8,24.5,12.4
MO,23.6,28.6,31.9
MT,30.1,33.2,29.5
MT,30.1,33,30.3
MT,34.9,35.3,15.6
MT,28.1,40.7,20.3
MT,39.1,29.8,23.9
MT,28.4,35.5,29.2
MT,38.6,39.1,15.6
MT,31.8,34.1,25.5
MT,34.5,34.6,23.3
MT,29.3,42.1,20
MT,31.2,40.4,22.2
MT,35.6,37.6,18.8
MT,38.7,35.3,16.8
MT,37.6,40.6,16.1
MT,35.6,30.1,28.2
MT,29.9,35.3,29.1
MT,20,28.7,48
MT,44.4,32.9,14.8
MT,37.8,33,17.7
MT,42.8,29.7,20.3
MT,36,27,25.8
MT,28.3,39,23.2
MT,28.6,33.5,32.6
MT,37.7,26.6,29.9
MT,31.4,35,24.4
MT,23.7,32.8,38
MT,22.1,35.2,21.6
MT,33.6,36.1,19.4
MT,45.9,30,17.5
MT,35.9,31.8,26.4
MT,39.7,30,23.3
MT,41.8,34.5,13.1
MT,22.7,31.9,40.7
MT,40.2,34,16.8
MT,33.1,27.6,35
MT,52.5,23.8,20.6
MT,37.3,34.7,19.3
MT,33,34.2,22.1
MT,29.4,40,24.4
MT,37,32.6,19.3
MT,46.4,28.2,15.7
MT,33.9,33.6,24.4
MT,38.5,37.4,16.5
MT,38.8,31.1,13.5
MT,32.7,34.9,19.8
MT,41.9,30,16.4
MT,30.4,39.7,21.3
MT,34.9,31.4,24.6
MT,37.2,33.1,23.7
MT,38.1,29.2,25.2
MT,34.3,34.9,23.3
MT,36.6,34.6,13.4
MT,35.1,35.8,18.9
MT,37.8,35.7,19.4
MT,36.4,22.8,18
MT,37.4,28,20
MT,31.2,32.9,28.5
MT,,,
NE,27.5,33.9,29.3
NE,32,35.7,23
NE,33.1,40.1,17.7
NE,24.1,39.8,32.7
NE,29.3,47.8,17.4
NE,39.6,40.2,18.3
NE,42.3,34.5,16.6
NE,33.8,40.9,15.9
NE,41.5,34.1,18.1
NE,41.2,31.1,16.3
NE,25.6,35.2,32.7
NE,39.2,34.5,17
NE,39.9,35.5,15.2
NE,32.1,37.5,25.1
NE,40.6,34.8,17.7
NE,33.2,37.5,18.2
NE,31,40.2,19.7
NE,27.1,43.5,23.4
NE,32.6,37.6,19
NE,33.2,25.4,13.4
NE,38.9,30.3,18.8
NE,32.8,38.1,21
NE,34.9,27.5,11.2
NE,29.1,31.9,33.2
NE,33.4,27.6,14.9
NE,36.3,37.1,17.3
NE,38.6,30.8,18.3
NE,36.8,32,18.9
NE,21.9,30.6,37.1
NE,32.5,41.2,19.6
NE,39.1,35.3,18.5
NE,37.1,36.4,18.7
NE,34.7,41.8,18.3
NE,33.7,36.9,17.3
NE,34.6,35.1,19.7
NE,32.5,38.1,23.5
NE,39.5,38.4,16.2
NE,34.8,40.5,19.4
NE,42.3,34.5,20.4
NE,39.8,38.2,14.4
NE,32.5,32,18.3
NE,31.8,36.8,25.2
NE,37.6,37.2,16.1
NE,26.7,42.7,19.7
NE,37.4,40.8,15.1
NE,34,37.1,20.9
NE,34.1,36.3,23.1
NE,41.6,31.2,19.2
NE,42.6,33.3,13.7
NE,40.7,32.4,14.7
NE,32.5,36.4,24.1
NE,34.5,36.7,20.7
NE,42.3,34.2,15.5
NE,34,36.3,17.4
NE,37.2,34.7,19.1
NE,22.6,34.2,36.7
NE,31.4,40.2,20
NE,28.7,40.9,22
NE,41.5,35.8,18.6
NE,28.4,41.9,24.5
NE,29.3,38.8,20.2
NE,34.5,40.9,16.8
NE,32.3,37.2,17.8
NE,38.1,34.8,16.5
NE,34.9,32.1,27.8
NE,42.1,34.1,17.3
NE,37.7,31.7,21.5
NE,45.3,31.2,16.3
NE,31.1,36.8,22
NE,33,37,22.7
NE,36,37.4,20.5
NE,31,36.9,20.1
NE,32.5,41.4,19.6
NE,36.4,39.3,17.7
NE,39.7,31.3,20.7
NE,41.7,32.7,18
NE,34.7,35.2,14.2
NE,22.5,36.1,36.7
NE,33,35.9,24.6
NE,30,35.2,21.5
NE,29.5,37.4,26.1
NE,31.1,34.6,24.5
NE,42.3,33.5,14.7
NE,33.4,33.6,26.6
NE,35,38.6,18.3
NE,37,35.4,19.3
NE,32.1,34.4,27.5
NE,35.5,37.4,13.9
NE,42.6,31.7,19.2
NE,31.1,35,29.6
NE,20.5,36.2,37.8
NE,36.1,34.9,19.8
NE,42.1,34.5,18.4
NE,32.6,35.4,26.1
NV,28.2,33.8,23
NV,35,38.7,15.9
NV,28.8,33.1,22.6
NV,24.7,42.9,25.2
NV,26.8,38.5,18.1
NV,43.2,28.1,15.7
NV,35.8,33.1,22.2
NV,37.4,32.8,13.7
NV,37.5,35.9,7.6
NV,32.1,37.7,20.3
NV,30.2,38.2,16.6
NV,31.2,44.8,11.3
NV,35.6,36.1,13.2
NV,35.4,30.5,12.4
NV,29.5,41.6,21.4
NV,24,34,28.7
NV,34.5,35.2,13.9
NV,28.6,37.5,20.7
NH,28.8,28.6,34.9
NH,31.5,30.6,29.6
NH,31.4,29.6,32.1
NH,33.8,26.9,31.6
NH,39.1,30.4,17.8
NH,28.6,25.4,38.1
NH,27.2,28.2,35.9
NH,28.4,30.1,34.4
NH,26.9,29.1,38.8
NH,28,29.8,34.1
NH,37,26,26.5
NJ,28.6,23.2,36.8
NJ,32.9,26.6,25.1
NJ,24.3,20.4,46.9
NJ,29.5,27.4,35.7
NJ,31.3,26.4,30.2
NJ,34.1,25.5,29.9
NJ,39.4,23.5,14.6
NJ,28.7,22.8,32.7
NJ,34.3,28,29.3
NJ,26.1,19.3,37.5
NJ,22.7,23,48.7
NJ,25.6,22.2,39.6
NJ,26.3,21.4,41
NJ,25.6,24.6,42.5
NJ,22.5,20.3,51
NJ,36.1,27.5,26.9
NJ,34.8,21.4,26
NJ,38.6,27.5,20.3
NJ,21.9,19.8,52.5
NJ,31,29.1,33.8
NJ,29.7,23.3,32.6
NJ,34,26.2,29.9
NM,26.4,31.4,26.3
NM,23.8,31.5,32.6
NM,36.3,31.8,26
NM,27,33,18.1
NM,36.5,33,12
NM,33.9,33.3,21.5
NM,25.2,36.3,20.8
NM,42.9,30.6,9.7
NM,22,28.5,27.7
NM,34,31.4,17.8
NM,26.9,31.6,26.2
NM,40.2,21.2,13.5
NM,39.1,23.9,25.5
NM,31,31.1,14.2
NM,30.5,28.2,13.2
NM,26.6,33.3,28.4
NM,10.8,21.9,64.2
NM,31.6,25,12.1
NM,33.1,29.4,11.1
NM,35.6,34.1,13.9
NM,29.5,37.1,16.4
NM,38.8,29.6,15.5
NM,31.8,33,16.6
NM,25.3,31.8,23.1
NM,25.9,36.1,28.5
NM,32.1,34.9,15.2
NM,28.4,33.2,20
NM,21.4,26.1,40.1
NM,33.7,31.8,17.6
NM,33.4,25.9,17.5
NM,25.4,33.4,28.6
NM,34.2,32.4,16.5
NM,35.3,27.7,17.1
NM,31.9,32.9,16.5
NY,26.7,24.7,34.2
NY,26.5,27.7,38.6
NY,38.7,29.8,20
NY,27.3,24.3,18.9
NY,32.2,30.4,27.2
NY,40.9,29.1,17.8
NY,34.1,32.3,21.4
NY,35.5,31.8,20.9
NY,35.6,30.6,23.4
NY,39.2,30.6,17.4
NY,35.3,28.3,22.1
NY,30.7,28.4,29.3
NY,34.7,31.6,23.6
NY,38.7,28.1,20.2
NY,27,29.6,33.4
NY,28.4,30.5,31.6
NY,34.5,30.2,24.2
NY,36.2,31,17.7
NY,38.5,31.3,16.2
NY,37.2,33.5,20
NY,36.3,29.7,20.6
NY,32.3,33.9,24.5
NY,34.5,32.8,22.4
NY,33.5,35.2,20.7
NY,26.2,20.2,32.8
NY,45.3,28.5,15.2
NY,33.7,31.3,23.6
NY,33.7,30.5,26.2
NY,25,29,36.2
NY,36.6,31.5,16.2
NY,24.2,23.7,42.8
NY,12.6,14.1,59.9
NY,35.1,32.1,23.2
NY,33.4,31.2,23.2
NY,26.2,30,34.1
NY,28.3,32.2,31.7
NY,29.3,30.6,29.2
NY,39.8,30.2,15.4
NY,39.9,28.9,17.6
NY,34.5,27.7,27.7
NY,27.3,27.2,37.9
NY,27.3,22.7,30.4
NY,29,33.2,28.6
NY,32,25.9,30.8
NY,23,24,40.3
NY,36.1,29.5,22.3
NY,25.9,29.3,39
NY,30,30,30.5
NY,38.5,30.2,19.6
NY,38.9,31.6,19.5
NY,34.6,30.4,20.2
NY,37.6,30.4,21.3
NY,29.3,26.6,34
NY,34,29.8,22.2
NY,35.9,30.6,24.4
NY,19.8,23.6,50.8
NY,30.2,29.4,30.1
NY,33.3,29.4,28.2
NY,41.6,27.5,19.4
NY,37,31.9,20.6
NY,20.3,20.5,46.7
NY,40.8,31.2,15.2
NY,34.5,27.5,23.7
NC,26.7,30.8,28.4
NC,28.5,33.1,21.6
NC,39.4,28.2,13.2
NC,33.7,29.5,17.4
NC,41.6,27.8,9.8
NC,31.5,32,18.8
NC,30.5,30.2,18.9
NC,33.2,32.9,17.3
NC,40.3,25,10
NC,33.2,32.3,13.8
NC,27.3,33.2,26.1
NC,24.7,29.1,35.9
NC,29.8,32.2,17.2
NC,28,33.2,27.2
NC,31.6,31.4,13.7
NC,23.2,40.8,22.4
NC,27.7,36.5,25.3
NC,35.3,29.2,11.6
NC,30.3,30.6,21.7
NC,23.3,26.4,36.8
NC,33.2,31.1,18.6
NC,33.7,28.8,20.1
NC,29.3,37.8,21.2
NC,34.6,31.8,16
NC,31.7,35.8,12.1
NC,27.9,37.1,22.3
NC,26,40.7,23.3
NC,29.3,36.6,20.5
NC,24.4,38.3,29.4
NC,33.2,30,18.7
NC,31.7,29,24.4
NC,30.1,31.3,10.7
NC,17.4,24.3,45.8
NC,35.7,30.5,10.6
NC,25.6,28.7,32.9
NC,31.3,32.2,19.4
NC,30.1,33.7,19
NC,37.5,33.8,13.2
NC,34.9,29.1,14.3
NC,31.1,32.5,17.6
NC,31.5,33.4,10.1
NC,24.6,29.5,34.1
NC,35.8,28.1,12.7
NC,30.8,35.2,19.6
NC,28.6,34.4,23.9
NC,26.4,33.1,28.6
NC,32.9,32.9,14
NC,27.5,38.1,19.3
NC,35.2,33.9,10.3
NC,28.1,33.2,25.9
NC,27.6,31.1,29.5
NC,30.4,33.4,20.3
NC,31.2,37.6,13.1
NC,26.4,33.8,20.5
NC,31.8,34.9,12.7
NC,30.4,32.3,20.2
NC,36.9,31.3,13.5
NC,29.8,34.7,22.5
NC,31,28,21.7
NC,37.6,31.4,13.7
NC,19.1,28,42.3
NC,33.5,30.5,16.8
NC,30,30.5,14.5
NC,25.8,30.9,32.6
NC,33.9,30.9,19.2
NC,22.1,32.7,36.9
NC,35.9,29.1,11.3
NC,28.9,42.6,19.3
NC,15.6,19.8,56.6
NC,32.2,35.4,19.3
NC,29.9,34.5,19.4
NC,31.2,33.3,21.2
NC,35,32.6,16.3
NC,35.5,32.8,14.7
NC,25.2,33.2,29.7
NC,27.2,29.7,31.3
NC,35.1,30.2,14.5
NC,36.5,31.3,12.8
NC,33.5,28.8,12.8
NC,36.5,30.2,13.8
NC,32.8,32.1,17.6
NC,31.8,33.1,16.2
NC,33.2,29.6,12.4
NC,34,28.9,15.8
NC,34.3,32.2,16.2
NC,38.1,29.1,13.6
NC,31.1,30.8,14.9
NC,31.2,33.4,15.9
NC,28.4,30.3,29.7
NC,37.1,24.6,8
NC,25.2,30.4,33.4
NC,37.6,27.8,11.4
NC,16.8,26.1,49
NC,34.8,27.6,15.4
NC,38,31,10.4
NC,20.4,30.2,38.4
NC,29.7,34.6,18.4
NC,32.2,30.1,12.8
NC,33,28.8,18
NC,34.3,31.3,11.9
NC,33.2,30,19.3
ND,27.4,36.7,27.7
ND,35.1,36.1,24.8
ND,31.3,34.8,25.4
ND,32.5,38,14.6
ND,34,30.4,25.2
ND,31.3,37.6,20.9
ND,30,37.6,22.1
ND,30.8,36.9,19.6
ND,24.5,35,34
ND,20.6,37.5,36.8
ND,27.6,44.2,17.7
ND,28.7,31.3,26.6
ND,34.3,34.4,20.6
ND,34.3,37.1,19.6
ND,28.7,37.8,22
ND,36.9,31.6,15.3
ND,31.4,37.5,18.8
ND,24,45,22.7
ND,24.7,35.2,33
ND,38.2,33.5,17.1
ND,37.6,32.4,18.3
ND,37.1,36.9,14.8
ND,32.6,36.3,19.5
ND,31.7,34.1,21.1
ND,39.3,30,12.7
ND,37,34,18.8
ND,31.5,29.5,18.7
ND,28.4,40.5,22.8
ND,33.8,38.4,19
ND,29.7,39.8,20.5
ND,30.2,35.5,25.9
ND,29.7,40.3,22
ND,30.8,40.8,19.2
ND,30.3,39.2,17.5
ND,38.6,32,19
ND,33.2,37.5,15.2
ND,30.2,37,23
ND,36.4,35.4,18.1
ND,30.1,47,15.9
ND,28.5,41.1,21.8
ND,21.8,40,20.9
ND,32.8,39.1,19.8
ND,36.8,34.2,15.2
ND,31.8,35.1,17.3
ND,32.4,30.1,25.7
ND,30.5,35.2,24.3
ND,30.9,42.6,19.7
ND,35.5,29.9,23.6
ND,33.2,41,17.7
ND,25.2,40.3,26.4
ND,36,33,17.2
ND,29.3,37.9,25.8
ND,33.8,30,19.8
ND,28.5,41.2,21
OH,34.1,28.9,26.1
OH,43.6,23.9,10.5
OH,39.7,32.3,17.4
OH,42.8,24.6,20.4
OH,44.9,27.3,13.3
OH,32.3,28.3,29.1
OH,43.9,31.2,17.5
OH,43.5,31,15.1
OH,48.1,23.6,12.1
OH,34,27.2,28.4
OH,47.5,28.2,11.4
OH,45.1,27.2,15.5
OH,36.4,32.3,18.1
OH,34,28.4,27.1
OH,40.6,31.5,15.8
OH,46.5,26.7,13.9
OH,50.3,22.6,12.1
OH,44.9,30.1,12.6
OH,28.3,29.2,30.5
OH,49.9,26,12.3
OH,44.2,29.1,16.7
OH,20.6,24.2,51.8
OH,39.5,29.5,21.2
OH,34.4,31.3,26
OH,46.7,24.6,14.1
OH,25.1,27.3,37.6
OH,40.8,32.2,17.2
OH,40.5,24.2,15.1
OH,27.3,26.7,37
OH,25.6,29.4,37.1
OH,43.1,28.6,13.5
OH,27.1,27.5,35
OH,36.1,29.6,25.8
OH,49.2,26.4,13.5
OH,48.7,29.7,8.6
OH,43.9,30.3,16.1
OH,43.1,29.2,12.1
OH,43.7,29.1,15.1
OH,35.1,14.8,7.8
OH,48.1,26.7,13.1
OH,41.8,23.7,17.2
OH,42.5,32.5,15.1
OH,41.2,25.9,21.8
OH,33.9,31.5,26.3
OH,43.1,28.2,14.7
OH,37.2,29.8,22.8
OH,49.4,23.4,15.7
OH,33.4,32.9,22.8
OH,31.2,32.9,24.2
OH,40.7,28.6,17.1
OH,38.1,29.2,22.2
OH,42.6,31.3,12.4
OH,32.4,30.3,30.8
OH,43.5,27.8,12.9
OH,49.1,26.7,15.7
OH,36.9,31.1,20.6
OH,51.2,24.9,9.9
OH,28.8,34.6,25.7
OH,47.5,28,11.1
OH,46.2,27.1,13.9
OH,42.9,28.7,15.1
OH,52.1,21.6,9.3
OH,38.6,32.3,21.7
OH,50.1,26.8,12.7
OH,43.9,28.5,11
OH,42.9,26.5,17.1
OH,42,24,11.8
OH,37.8,27.6,26
OH,46,30.3,11.8
OH,42.8,30.5,19.4
OH,41.2,29.9,15.7
OH,42.8,27.2,14.7
OH,43,32.4,14.5
OH,40.5,27.6,14.4
OH,46,30.3,14.2
OH,44.1,29.7,16.3
OH,38.3,29.8,21.9
OH,32.3,28.3,30.3
OH,45.2,25.9,17.3
OH,46.9,24.5,14.4
OH,36.8,29.2,26.2
OH,48.7,27.2,15.7
OH,45.9,26.8,9.1
OH,26.8,26.6,39.6
OH,41.5,30.6,17.5
OH,41,22.9,21.2
OH,45.4,29.8,13.9
OH,31.3,31.6,31.1
OH,48.2,27.7,14.1
OK,31.7,31.1,24.1
OK,42.6,22.6,13.8
OK,40.6,27.4,20.2
OK,40.8,27,14
OK,37.7,24.9,20.1
OK,40.4,25.3,17.6
OK,39.4,29.7,16.3
OK,33.4,29.4,21.5
OK,41.2,27.5,15.8
OK,29.3,36.8,25.5
OK,39.6,27.4,18.8
OK,31.1,30,24.4
OK,40.1,26.9,13.2
OK,36.3,28.9,19.1
OK,26.6,33.6,31
OK,42.8,25.2,14.8
OK,33.2,35.3,20.8
OK,40.7,28.6,15.4
OK,40.3,30.4,13.9
OK,40,30.4,15
OK,35.1,24.3,26.9
OK,37.2,30.9,16.8
OK,42.3,25.8,21.8
OK,37.4,28.9,22
OK,35.6,29.2,21.7
OK,43.5,25.9,15.2
OK,37.7,31.5,17.6
OK,36,31.5,23.5
OK,37,34.2,13.1
OK,26.6,29.9,22.8
OK,38.6,24,20.7
OK,38.7,28.6,11.5
OK,38,29.3,12.2
OK,27.2,35.4,19.7
OK,44.8,28,11.7
OK,35.5,30.3,16.1
OK,34,34,18.4
OK,36.1,31.4,19.7
OK,34.7,31.2,18.8
OK,34.4,35.1,14
OK,39.8,27.8,13.8
OK,39.5,31.7,13.4
OK,34.4,29.8,26.1
OK,42.5,27.5,14.2
OK,34.7,30.2,22.4
OK,41.6,26,13.4
OK,38,31,13.8
OK,41.2,29.4,16.7
OK,35.1,31.2,13.4
OK,37.5,32.4,16.3
OK,39.2,22.9,20.2
OK,35.8,30.9,18.4
OK,35.4,30.6,22.7
OK,42.1,29.2,13.8
OK,37.3,30.6,12.1
OK,25.3,30.3,30.6
OK,37,34.7,15.2
OK,41.9,29.5,16.1
OK,36.4,33.6,13.7
OK,42.3,28.4,16.5
OK,27.4,27,36.9
OK,36.4,32.6,16.2
OK,33.5,27.3,27.1
OK,35.5,33.4,18.1
OK,39.2,28.6,13.2
OK,39.7,30.5,20.4
OK,33.1,34.6,23.4
OK,36.2,33.4,13.7
OK,39.5,28.8,13.5
OK,38.9,29.4,17.3
OK,28.4,22.2,19.1
OK,35.8,24,16.7
OK,25.8,32.6,30.4
OK,35.3,32.5,21.8
OK,33.8,29.5,26.9
OK,40,26.9,20
OK,33.5,27.3,27.2
OK,39.7,28.8,18.1
OR,24.3,34.8,30.8
OR,31.8,37,20.6
OR,14.9,27.2,52.8
OR,23.5,36.5,33.1
OR,26.3,41.3,23.6
OR,33.8,37.7,18.2
OR,32.6,38.1,18.3
OR,37.8,33.9,15.5
OR,27.7,38.9,23.5
OR,22.9,38.1,32.6
OR,32.1,40.9,15.7
OR,39.3,35.9,16.1
OR,32.3,37.4,19.1
OR,33.9,36.7,17
OR,25.6,23.8,31.7
OR,27.4,35.8,25.6
OR,29.5,38.5,16
OR,32.1,40.2,16.7
OR,29.9,38.4,19.7
OR,33.4,33.3,17.7
OR,25,37.7,28.4
OR,28.1,37,23.7
OR,31,41.2,17.3
OR,29.9,36.5,13.8
OR,27.2,35.1,22
OR,35.4,30,10.5
OR,18.4,30.6,41.3
OR,26.8,35.1,29.4
OR,36.7,37.9,17.3
OR,34.6,33.8,21
OR,29.1,38,16.3
OR,33.4,35.7,23.2
OR,33.1,36,24.3
OR,28.5,37.7,18.7
OR,19,31,40.7
OR,36.1,37.7,15.4
OR,29.8,34.4,23.2
PA,36.4,24.2,28.6
PA,42,23.7,21.7
PA,29.8,26,37.8
PA,49.4,24.5,15
PA,39.2,29.8,22.8
PA,50.8,21.7,13.5
PA,38.4,23.5,23.2
PA,48.2,22.8,19.6
PA,48,22.8,17.6
PA,30.7,25.4,37.4
PA,34.9,25.8,32.3
PA,46.3,24.3,19.1
PA,48.7,25.1,15.7
PA,46.2,27,15.5
PA,31.6,20.2,41.4
PA,23.2,20.4,49.1
PA,47,21.6,20.1
PA,50.9,23,13.2
PA,45.6,24.6,16.9
PA,45.7,21.7,21.1
PA,45,22.9,19.8
PA,35,23.7,32.7
PA,34.8,25.6,28.4
PA,31.8,24.4,36
PA,50.4,24,16.8
PA,40,24.7,26.1
PA,49.9,22.7,14.2
PA,53.6,18.4,8.5
PA,43.9,23.1,19
PA,51.1,20.9,13.1
PA,47.3,21.9,17.7
PA,51.7,22.9,14.3
PA,43.9,22,22.6
PA,51.2,22.8,14.6
PA,51,17.5,13.1
PA,37.7,26.3,25.9
PA,38.2,21.1,25.2
PA,45,24.5,19.7
PA,43.9,22.1,19.6
PA,33.1,25.8,28.5
PA,39.5,28,21.4
PA,41.1,26.5,20.4
PA,48.2,24.8,16.7
PA,44.4,23.2,21.5
PA,50.2,20.4,11.6
PA,36.6,30,23
PA,24.8,22.1,46.9
PA,39.8,20.8,28.8
PA,35.3,27.3,27.2
PA,50.3,20.7,14.6
PA,46,26.5,16
PA,33.8,22.8,25.4
PA,35.8,31.4,23.7
PA,48.2,23.9,15.7
PA,47.7,24.3,15.4
PA,46,20,16.5
PA,49.3,21.9,15.3
PA,49.1,24.3,16.1
PA,46.7,25.3,17.1
PA,44.6,24.2,19.6
PA,41.2,22.3,20.5
PA,49.7,23.6,15.8
PA,47.2,25.3,18.1
PA,39.3,24.6,27.4
PA,44.3,25.4,19.7
PA,38.9,27.4,26.4
PA,48.2,24.8,18.2
PA,41,24.6,22.8
RI,27.3,26.9,31.9
RI,22.4,23.3,45.1
RI,28.6,31.3,30.9
RI,23.1,24.6,45.1
RI,28.8,26.5,26.8
RI,23.3,26.1,44.1
SC,29.8,30,25.8
SC,37.5,28.3,12.3
SC,31,29.1,25.3
SC,39.4,22.8,12.6
SC,31.5,31.8,19.5
SC,25.2,33,18.2
SC,37.5,29.8,11.9
SC,23.4,29.9,38.8
SC,31.1,34.5,22.3
SC,37.2,30,16.8
SC,21.6,27.7,40.4
SC,36.9,25.5,15.3
SC,36.5,28.4,13.8
SC,39.6,24.9,11.8
SC,36.4,28.6,14.3
SC,37.9,30.3,14
SC,36.5,27.4,16.9
SC,38.9,25,9
SC,29.2,35.8,25
SC,36.3,26.8,18.3
SC,39.8,25.9,14.3
SC,33.7,28.8,21.7
SC,31.3,29.1,25.8
SC,26.3,28.4,32.1
SC,29.7,28,23
SC,41.8,25.5,10.6
SC,32.4,33,22.8
SC,36.9,27,15
SC,34.8,30.1,20.3
SC,34,28.5,21.9
SC,35.4,29.3,14.6
SC,39.8,25.2,10.7
SC,28,31.5,29.2
SC,30.2,30.6,18
SC,39.1,26.6,15.6
SC,41,24.5,8.5
SC,34.9,26.9,16.6
SC,31.8,28.6,22.8
SC,34.8,28.2,19.3
SC,32,29.3,22.4
SC,22.5,31.2,36.4
SC,39.2,24.1,14
SC,29.8,30.7,22.7
SC,29.2,33.3,19.2
SC,37.8,28,12.2
SC,40.3,27,11.3
SC,27.8,31.1,29.5
SD,31.3,32.6,27
SD,37.1,33,17.9
SD,33.3,30.8,19.7
SD,28.8,33.3,17.5
SD,37.5,31.9,18.5
SD,26.1,27.8,40.8
SD,33.3,31,28.3
SD,30.4,30.4,24.3
SD,43.4,29,9.5
SD,35.1,35.4,17.7
SD,42,26.1,21.8
SD,37.9,32.5,18.3
SD,37.3,31,21.3
SD,27.8,22.9,45
SD,39.7,31.2,20.3
SD,34.4,31.7,16.1
SD,30.9,36.1,26
SD,26.9,36.9,27.2
SD,38.8,32.9,17.1
SD,40.8,28.9,20.3
SD,35.4,34.5,14
SD,41.1,25.5,19.3
SD,33.9,31.1,24
SD,31,38.2,23.2
SD,34.3,33.2,23.2
SD,44.3,30.2,17.1
SD,38.6,30.9,17.2
SD,37.6,32.3,20.1
SD,43.3,28,20.1
SD,33.6,32.7,22.5
SD,34.4,33.5,26
SD,30.1,32.8,29.9
SD,27.2,30.4,32.9
SD,32.9,27.8,26.7
SD,47.6,28.3,16.1
SD,32.2,36.3,19.8
SD,40.9,32,16
SD,38.8,37,16.6
SD,37.4,32,21.8
SD,32,28.7,32.4
SD,33.7,31.5,29.5
SD,21.8,33.3,40.4
SD,36.5,32.8,19.2
SD,33.2,33.5,23.9
SD,30.2,33.8,15.4
SD,31.8,34.4,22.3
SD,32.3,37.1,23
SD,38.7,30.5,15.3
SD,39.1,29.1,23
SD,29.3,32.3,29.4
SD,33.8,31.3,25.6
SD,28.2,38.3,11.4
SD,28.1,36.3,28.2
SD,37.6,32.6,19.2
SD,40.7,29,20.5
SD,37.5,32.4,16.7
SD,38.8,35.1,17.5
SD,36.4,32.1,22.3
SD,34.7,28.1,26.9
SD,35.6,32.4,23.8
SD,22.2,40.4,14.4
SD,34.7,29.9,22.1
SD,36.3,34.7,21
SD,30,30.2,31.5
SD,36.9,30.1,21.7
SD,35.3,29.8,26.7
SD,40.4,32.1,13.9
TN,33,27.5,24.9
TN,33.8,27.3,24
TN,41.2,24.2,13.7
TN,46.1,22.4,10.8
TN,42.8,21.7,10.7
TN,34.9,29.9,22.8
TN,32.3,30.5,19.9
TN,41.8,20.2,10.2
TN,42.2,24.8,13.9
TN,41.4,22.9,14.2
TN,38.9,25.5,16.1
TN,36.6,28.1,19.3
TN,38.5,28.4,15.7
TN,42.3,21.8,14.2
TN,44.7,16.2,14.7
TN,46.6,22.5,10.1
TN,39.2,26.8,18.3
TN,40.4,22.9,13
TN,38.3,26.7,18.2
TN,24.1,25.9,37.3
TN,44.6,24,12.7
TN,43.2,20.9,13.8
TN,43.7,25.3,14.5
TN,40.2,24.7,19.2
TN,35.8,28.7,22.9
TN,44.2,19.6,10.9
TN,37,26.3,19.5
TN,38.4,29.4,16
TN,42.3,24.7,14.8
TN,45.3,21.9,11.1
TN,42.6,23.5,15
TN,42,18.4,10.8
TN,42.1,23.3,15.5
TN,27.3,31.4,28.7
TN,39.4,23.3,10.6
TN,44.4,22.2,10.1
TN,43.6,22.5,12.7
TN,44.2,24.2,12.6
TN,42.1,24.1,12.8
TN,39.8,27.2,12.8
TN,45.1,22.7,15.5
TN,43.3,22.4,10.6
TN,46.3,22.7,10.5
TN,42.8,27.4,13.4
TN,47.7,18.7,8.1
TN,39.5,27.3,15.6
TN,40.9,24.7,9.2
TN,26.5,29.2,34.5
TN,44.6,18.3,8.9
TN,44.5,21.9,9.1
TN,42.2,24.6,12.4
TN,43.2,27,12.1
TN,41.9,23.9,16.7
TN,34.2,26.3,25.5
TN,42.7,24.9,15
TN,44.2,23.8,11.4
TN,43.9,20.4,9.5
TN,32.9,29.4,25.4
TN,37.2,27.4,13.3
TN,42,26.6,13.4
TN,36.6,31.7,19.2
TN,42.7,25.6,8.2
TN,42,24.7,12.1
TN,30.8,36.5,24.6
TN,40.2,29.4,17.6
TN,51.3,22.3,6.4
TN,41.3,24.1,16.8
TN,43.7,21.8,13.4
TN,41.4,23,11
TN,38.4,27.6,11.4
TN,43.3,25.3,9.8
TN,37.8,22.7,23.3
TN,38.1,24.7,12.9
TN,36.6,29.9,18.4
TN,38.4,30,17.8
TN,29.6,30.6,30.1
TN,47.6,20.8,9
TN,40.2,28.9,13
TN,37.5,28.5,16.4
TN,27.1,29.5,30.2
TN,48,23.6,10.2
TN,42,30.4,14.2
TN,34.8,28.7,21.9
TN,32.8,31.8,24.6
TN,39,31.6,15
TN,42.8,21.6,14.3
TN,41.6,25.2,12.4
TN,44.2,21,9.1
TN,50.1,17,12.6
TN,42.5,22.1,13.5
TN,30.7,26.9,30.6
TN,43.6,24.1,8.8
TN,39.8,23.6,20.4
TN,45.3,23.8,12.1
TN,16.4,23.2,55.7
TN,32.1,29,28.3
TX,25.2,29.2,27.6
TX,36.9,31.5,11.3
TX,33.6,29.2,11.7
TX,31.6,32.3,15.2
TX,30.9,33.8,19.5
TX,36.5,31.6,20.6
TX,24.3,43.4,23
TX,36,25.8,14
TX,30.3,34,20.1
TX,32.4,28,7.8
TX,29.2,34,22.6
TX,30.4,32.3,17.9
TX,31.7,30.8,25.8
TX,33.1,29.8,9.7
TX,28.2,38.5,23.1
TX,25.2,31.4,26.7
TX,30.7,29.8,28.4
TX,28.9,32.9,31.9
TX,34.7,30.1,17
TX,36,33,18.2
TX,25.7,31.8,28.6
TX,20.4,26.1,38.9
TX,21.4,27.6,39.1
TX,25.6,28.4,21.8
TX,37.6,21.3,11.7
TX,37.9,29.6,17.9
TX,36.4,26.9,14.9
TX,31.9,30.4,22.7
TX,36,27.6,15.4
TX,31.8,31.9,16.2
TX,38.7,34.5,14.3
TX,24,24.4,16.4
TX,36.5,27.5,14.3
TX,28.4,37,24.4
TX,44,27.9,13.6
TX,33.1,23.7,13.2
TX,31.8,32.5,18.7
TX,33.4,28.6,16.3
TX,40.1,30.1,16.7
TX,39.5,33.4,15.9
TX,29.7,23.9,12.2
TX,33.5,34,20.6
TX,41.1,29.3,11.8
TX,15.5,28.2,49.8
TX,32.7,30.9,15.2
TX,38.8,25.5,18.2
TX,25.5,31.5,33.4
TX,37,24.9,16.7
TX,30.1,21.4,11.6
TX,32.1,34,21
TX,30.3,43.1,14.8
TX,30.9,29.2,15.2
TX,30.4,29.1,12.8
TX,27.2,30.6,13.4
TX,30.7,27.3,11.7
TX,32.9,19.3,9.9
TX,33.3,30.1,11.1
TX,22.9,25.7,29.1
TX,37.4,24.1,11
TX,30.8,26.5,14.8
TX,33.6,33.1,18.8
TX,19.3,31.3,41.3
TX,37.5,26.6,14.5
TX,28.3,32.6,15.5
TX,29.8,26.5,11.9
TX,33.5,34.8,15.2
TX,33.3,27.1,8.1
TX,35.9,32.4,14.4
TX,28.7,30.8,14.6
TX,28.8,25.2,25.1
TX,29.7,33.8,21.2
TX,24.5,29.9,21.3
TX,27.1,30.7,26.6
TX,37.7,26.7,11.8
TX,35.2,31.3,16
TX,36.9,26.8,16
TX,33.4,33.4,16.3
TX,29.1,28.2,16.6
TX,28.1,29,22.7
TX,17.5,27.7,43.7
TX,33.5,33.6,18.1
TX,33.9,35.7,12.3
TX,33.8,23.8,8
TX,27.9,20.9,11.8
TX,24.5,33.8,29.3
TX,27.8,22.5,9.4
TX,26.6,26.8,33.4
TX,25.8,28.9,24.6
TX,39.5,35.1,13.9
TX,33.7,24.6,13.8
TX,33,33.9,13.6
TX,32,34.8,20.3
TX,28.2,35.5,20.5
TX,35.9,31,11.5
TX,29.7,31.7,26.1
TX,32.2,25.4,14.7
TX,27.9,32.8,12.7
TX,33.2,26.2,21.3
TX,29.6,26.3,19.4
TX,33.1,28.6,17.7
TX,38.2,32.7,15.4
TX,23.3,26.8,29.5
TX,34,30.7,19.1
TX,34.3,24.2,21.3
TX,32.6,24.5,14.7
TX,21.4,31.4,36.1
TX,25.8,32.2,24.4
TX,34.3,31.2,16.5
TX,23.2,22.1,16.7
TX,33.1,31.5,14.8
TX,26.2,35.9,15.7
TX,28.4,34.5,25.5
TX,37.3,28.8,16.2
TX,37.3,30.7,14.5
TX,31.3,33.9,12.8
TX,24.5,18.5,8.2
TX,34.6,31.3,17.5
TX,31.2,37.8,15.1
TX,34.9,39.3,14.7
TX,40.5,28,11.1
TX,33.9,29.6,17.4
TX,44,30.5,9.6
TX,21.1,23.1,36.6
TX,33.3,31.3,18.4
TX,30.2,28.4,12.8
TX,34.1,26,11
TX,31.7,34.3,17.3
TX,39,25.2,9.7
TX,36.3,24.5,13
TX,31.4,33.2,19
TX,21.1,28.9,40.8
TX,33.4,19.3,15.1
TX,26.1,27.8,24.8
TX,27.8,31.7,28.1
TX,35.4,30.6,17.1
TX,39.5,18.6,21.8
TX,27.9,26,12.5
TX,22.1,27.1,25.4
TX,37,29,15.2
TX,34.7,34.2,16.2
TX,30.5,27,16.3
TX,25.8,40.8,21
TX,32.7,13.8,14.9
TX,41.6,24.3,15.9
TX,39.1,26.8,17.2
TX,36.2,30.4,17.2
TX,38,28.6,9.6
TX,35.7,30.9,13.8
TX,37.2,26.8,18.6
TX,36,31.8,12.7
TX,27.2,33,27.6
TX,51.9,26.4,1.9
TX,25.9,31.3,27.5
TX,31.9,29,16.5
TX,31.3,30.8,15.6
TX,27.9,33.2,22.2
TX,29,31.8,15.4
TX,36.8,29.1,10.6
TX,37.6,31.6,14.3
TX,35.5,26.5,17.5
TX,34.7,27.9,22.4
TX,35.4,26.6,15.3
TX,22.4,25.9,10.7
TX,31.9,30.9,18.9
TX,30.3,29.5,17.4
TX,23.6,33.8,25.6
TX,37.5,27.3,16.7
TX,26.8,34,22.1
TX,33.4,29.5,11
TX,34.1,32.5,15.8
TX,24.3,29.8,32.2
TX,26.1,25.9,12
TX,34.7,34,14.5
TX,31.8,34.9,17.2
TX,28.1,28.8,25.1
TX,30.5,31.2,15.7
TX,50.1,31.1,6.4
TX,34.8,31.8,12.1
TX,28.2,32.4,20.2
TX,29.3,30.3,15.2
TX,19.6,36.2,27.8
TX,40,34.2,14.6
TX,37,28.8,15.8
TX,32.5,37.6,12.8
TX,26.9,35.6,26.5
TX,30.4,22,15.3
TX,35.2,24.1,10
TX,37.7,29.7,12.3
TX,27.8,33.4,14.9
TX,17.3,14.1,25.9
TX,39.5,32.9,10.6
TX,22.1,39.3,30.4
TX,37.1,21.2,10.5
TX,28.6,30.7,22
TX,39,27.2,13.1
TX,25.8,23.2,10.8
TX,35.9,34.3,9.7
TX,30.2,34.6,31.8
TX,37.5,26,16.5
TX,22.2,32.4,36.9
TX,38.8,23.2,17.5
TX,33.7,32.9,13.7
TX,44.8,28.6,12
TX,42.9,26.2,10.8
TX,45,25.1,11.4
TX,31.1,31.4,15.1
TX,30.7,32.7,14.5
TX,23.6,33,19.5
TX,30.7,35.2,15.3
TX,33.9,29.4,22.6
TX,35.7,26.6,14.8
TX,27.9,24.9,20.6
TX,25.6,33.9,24.9
TX,26.3,32.9,22.7
TX,22.2,15,9.1
TX,35,27.2,19.1
TX,32.1,24.2,22.3
TX,37.5,27.3,15.6
TX,28.2,26.2,20.2
TX,35,27.3,15.9
TX,23.8,31.1,30.3
TX,29.1,32.6,24.6
TX,36,27.5,17.3
TX,29.5,27.1,12.6
TX,31.3,32.6,21.9
TX,29.4,28.3,15
TX,30.3,30.8,22.1
TX,17.1,24.8,46
TX,41.9,30.4,11.1
TX,41.8,31.3,11.2
TX,32.6,35.7,14.5
TX,39.4,26.5,10.1
TX,23.2,32,15.3
TX,26.6,22.5,17
TX,35.4,30.8,15.5
TX,31.3,33,18.2
TX,35.8,27.2,18.9
TX,31.4,27.9,18.8
TX,35,29,11.4
TX,31.3,29.8,21.6
TX,24.4,23.8,17.1
TX,33.6,28.8,14.1
TX,31.3,33.2,16.9
TX,32.4,32.1,21.6
TX,29.9,32.5,16.5
TX,35.5,19.1,8.3
TX,20.7,32.6,39.3
TX,34.8,30.8,19.5
TX,31.2,29.1,11.1
TX,36.8,30.8,16.5
TX,34.7,32.8,17
TX,29.7,26.5,14.7
TX,35.9,27.6,17.6
TX,26,18.9,8.4
TX,27,24.2,9
UT,23.2,36.9,31.1
UT,37.2,35,20
UT,32.5,38.1,21.5
UT,21.9,34.4,36.1
UT,26.9,46,15.1
UT,34.7,42.8,15.9
UT,21.2,39.2,34.8
UT,36,36.7,15
UT,32.9,44.7,12.6
UT,34.5,37.1,19.7
UT,24.1,42.3,23.7
UT,24.7,38.3,28.6
UT,35,40.3,15.8
UT,28.8,41.6,24.8
UT,29.1,38.9,20
UT,24.4,39.4,34.6
UT,39.8,26.2,17.5
UT,37.6,40.3,19.1
UT,22.8,34.6,32.1
UT,31.5,33.2,18.9
UT,27,41.3,20.5
UT,33.7,40.4,16.4
UT,15.5,27.1,50.8
UT,32.1,37.9,22.4
UT,34.7,36.2,15.9
UT,16.8,39.2,37.3
UT,20.7,37.4,33.5
UT,24.6,40.9,27.1
UT,25.3,40.6,26.8
UT,29.1,37.4,23
VT,30.1,25.8,36
VT,32,24.6,35.5
VT,30.7,26.6,33.5
VT,36.1,26.9,27
VT,20.6,24.5,48.7
VT,43.3,25.2,16
VT,37.6,28.3,23.6
VT,29.7,29.1,35.1
VT,28.6,27.2,36.2
VT,34.9,25.8,30.8
VT,38.7,25.5,22.1
VT,34.2,27.4,29.1
VT,29.2,24.8,39.9
VT,30.7,25.1,35.8
VT,31.7,25.6,35.1
VA,24.8,27.2,36.3
VA,39.9,21.7,18.8
VA,18.2,21.5,51.7
VA,36.9,30.9,15.7
VA,34.1,31.1,14.5
VA,35.7,28.8,18.3
VA,36.1,30.2,17.7
VA,8.3,12.3,72.9
VA,40.1,23.8,22
VA,38.9,27.2,21.8
VA,31,30.4,26.7
VA,39.5,31.6,14.1
VA,35,29.9,26.2
VA,35.7,27.1,13.1
VA,34.4,25.6,9.9
VA,43.5,23.3,10.4
VA,36.1,29.5,19.3
VA,36.7,26.4,19.2
VA,34.5,30.8,14.5
VA,39.3,23.3,13
VA,37.6,26.4,14
VA,24.1,30,36.9
VA,28,28.7,31
VA,48.4,26.5,14.7
VA,34.1,27.8,21.9
VA,36.5,26.4,14.5
VA,35.6,28.5,11
VA,39.7,26.8,15.3
VA,38.5,28.6,15.2
VA,13,19.1,59.9
VA,28.5,29.2,33.5
VA,35.6,29.4,18.2
VA,28.4,28.7,31.5
VA,32,31.5,20.5
VA,30.5,27.8,29.1
VA,40,28.1,15.8
VA,33.9,34.3,22.1
VA,26.9,25.8,37.4
VA,41.1,27.5,10
VA,34.9,26.1,23.7
VA,42.3,25.3,8.6
VA,36.5,27.8,15.5
VA,27.6,28.8,35.7
VA,22.8,27.1,40.7
VA,34.1,32.9,11.4
VA,38.6,23.4,21.6
VA,27.7,31.7,26.9
VA,21.1,25.7,47
VA,41.1,25.6,18.1
VA,30.3,30,32.3
VA,39.4,29.9,18.4
VA,32.8,29.2,27.9
VA,33.6,28.8,12
VA,13.8,21.6,58.2
VA,37,25.2,20.6
VA,34.9,27.4,12.2
VA,36.4,23.5,23.2
VA,33.3,29.7,29.2
VA,32.5,30.8,15.6
VA,32.5,31,24.2
VA,21.8,23.8,45.7
VA,33.6,22.2,28.2
VA,33,32.5,24.6
VA,34.2,25,20.6
VA,31.1,31.7,25.4
VA,37.1,25.4,15.2
VA,34.7,28.1,25.1
VA,42.9,21.4,12.8
VA,36,30.1,12.6
VA,35.3,31.2,14.1
VA,28.6,32.6,27.9
VA,34.6,23,24.4
VA,33.4,32.9,21.3
VA,21.7,29.2,38.8
VA,34.2,31.9,17.8
VA,25.6,25.8,35.1
VA,40.2,26.2,12.7
VA,26.4,31.4,34.2
VA,36.3,24,25.5
VA,35.5,22,23.8
VA,36.7,27.5,12.4
VA,36.2,28.5,11.7
VA,39.5,26,19
VA,38.8,27.9,15
VA,34.8,30.7,15
VA,31.7,28.6,29.3
VA,23.7,32.8,36.8
VA,29.2,31.3,21.2
VA,40.3,20.8,9.6
VA,35.8,29.9,13.5
VA,36.6,28.2,20.7
VA,32.9,27.8,23.3
VA,36.3,26.4,18.3
VA,32.4,27.6,14
VA,36.4,28.8,16
VA,19.6,32.3,42.2
VA,12.1,18,61.4
VA,,,
VA,32.8,26.3,23.3
VA,40.5,24.9,16.4
VA,22.2,18.2,49.8
VA,26.5,35,29.6
VA,,,
VA,35.2,31,21.7
VA,43.5,30.5,9.3
VA,28.1,32.7,17.9
VA,32.6,24,18.1
VA,15.2,22.4,54.9
VA,7.5,11.4,78.8
VA,24.9,29.1,26.2
VA,26.9,26.7,37.3
VA,33.7,27.1,11.6
VA,27.3,39.3,23.2
VA,26.5,21.8,35.8
VA,38.3,30.3,12.3
VA,18.1,18.1,43.8
VA,25.1,30.1,33.1
VA,26,26.6,28.8
VA,26,28,28.3
VA,29.7,30.6,17.8
VA,28.2,36.8,24
VA,26.9,34,26.1
VA,19.4,43,19.6
VA,34,28,15.9
VA,27,29.5,37.1
VA,28.9,34,20.8
VA,22.6,31.3,35.5
VA,23,24.1,36
VA,30.4,30.4,23.6
VA,29.8,31.8,28.4
VA,30.9,25,31.3
VA,28.3,32.9,26.4
VA,22.4,37.1,33.8
VA,38.5,28,18.4
VA,15.5,23.7,52.4
VA,30.4,25.6,28.3
WA,23.3,34.3,32.9
WA,25.9,27,13.6
WA,30.5,40.7,18.2
WA,24.4,35.1,29.4
WA,30.1,28.8,24.5
WA,27.9,39.7,24.7
WA,25.3,38.9,27.2
WA,27.5,39.5,23
WA,30.9,40.9,16
WA,27.7,35.7,17.4
WA,31.2,39.4,16.7
WA,27.3,30.5,15.9
WA,29.4,41.7,24.5
WA,26.8,32.3,16.4
WA,32.1,41.1,14.7
WA,23.3,39.5,31.7
WA,23.2,33.9,37
WA,16.5,28,47.9
WA,23.2,41,30.3
WA,26,31.2,33.6
WA,29,36.2,23.5
WA,31.6,40.1,15.4
WA,33.4,37.3,20.6
WA,30.4,39.5,17.7
WA,29.8,34.6,18.5
WA,31.6,39,16.8
WA,32.2,41.6,17.1
WA,28.8,37.4,24.7
WA,17.2,31.6,46.6
WA,26.7,36.9,24.8
WA,29.2,39.6,22
WA,24.3,37.4,29.9
WA,25.7,38.6,28.6
WA,34.4,39.2,16.7
WA,22.7,37.4,33.4
WA,33.1,44.8,14.5
WA,22.6,38.9,27.2
WA,23,35.7,32.5
WA,17.4,29.3,48.9
WA,27.8,28.3,15.7
WV,40.7,25.1,19.2
WV,47.1,22.1,11.9
WV,38.2,29.1,19.7
WV,49.4,20.2,8.8
WV,49.1,19.4,12
WV,43.7,28.6,18.5
WV,31.9,28.1,26.9
WV,48.9,17.6,10.4
WV,49.1,14.7,9.8
WV,44.3,24.1,13.5
WV,44.4,23.5,12.4
WV,36.6,25.1,16.6
WV,50.2,19.3,12.3
WV,44,22.8,18.1
WV,50,18.1,10.1
WV,42.8,26.3,17.8
WV,47.7,17.7,14
WV,39.5,27.7,20.4
WV,41.1,27.7,17.6
WV,32.1,27.6,28.4
WV,37.3,25.8,25.1
WV,49.7,22.9,14.1
WV,43.4,25.5,9.5
WV,41.6,26.7,8.1
WV,43.9,15.5,5.1
WV,40.9,26,21.4
WV,45.1,27.3,16.8
WV,47.5,26.3,10.4
WV,37.9,25.7,18.8
WV,50.2,24.9,12.9
WV,41,22.4,10.2
WV,29.9,21.9,39.7
WV,49.4,19.2,13.3
WV,41.2,23.4,18.6
WV,48,21.9,13.9
WV,34.5,26.8,29.8
WV,46,18.8,15.3
WV,50.1,25.3,13
WV,47.4,20.6,16.7
WV,46.4,21.2,14.6
WV,37.8,28,25.4
WV,39.5,24.8,18.3
WV,46.3,18.2,19.3
WV,47.9,23.1,10.5
WV,46.5,20.7,11.3
WV,40.5,27.8,13.6
WV,43.6,25,16.6
WV,52.7,20.6,14.2
WV,49.2,25.9,11.3
WV,48.4,19.4,16.3
WV,40.9,25.5,12.3
WV,43,18.7,9.3
WV,48.7,24.8,10.4
WV,47.6,26.3,12
WV,38.1,32.3,18.8
WV,46,21.3,7.9
WI,32,31.2,27.8
WI,43.7,30.7,12.8
WI,35,34.1,23.2
WI,39.8,33.1,16.6
WI,30.2,34.5,29.3
WI,31.3,31.4,27.9
WI,42.5,30.8,18
WI,40,33.7,17.7
WI,33.8,30.7,28.4
WI,38.5,34.1,19.2
WI,43.3,26.6,11.5
WI,34.9,35.5,22.1
WI,42.7,32.1,15.1
WI,19,28.1,47.9
WI,40.2,31.6,16.4
WI,32.9,31,29.7
WI,33.2,37.6,22.5
WI,34.6,32.6,25.6
WI,26.9,35.2,31.1
WI,39.2,34.8,17.1
WI,38.5,31.3,21.5
WI,40.7,32.4,13.8
WI,38.7,31.4,21.3
WI,39,31.3,21.9
WI,42.3,28.8,16.9
WI,36.3,33.9,22.9
WI,35.8,36.1,21
WI,42.2,31,13.8
WI,36.5,32.1,22.6
WI,42.2,30.9,12.3
WI,32.8,33,24.5
WI,44.2,31.9,15.8
WI,27.7,35.8,30.9
WI,41.5,30.7,17.5
WI,42.4,31.8,14.9
WI,40.5,34.1,15.3
WI,39.9,30.7,19.7
WI,37.1,30.2,23.7
WI,42.6,34,14.4
WI,43.8,31.3,12.8
WI,43.8,29.9,16.1
WI,28.1,29.3,29.1
WI,39.4,32.8,17.1
WI,43.7,31.1,15.4
WI,34.3,33.2,25
WI,34.2,31.6,27.7
WI,22.5,27.8,46.1
WI,43,30.5,17.4
WI,32.6,34.4,27.5
WI,39,33.7,19.5
WI,33.7,29.6,29.2
WI,41.6,31.8,16.6
WI,30.7,33.8,23.7
WI,41,31.5,16.7
WI,36.8,31.7,20.4
WI,43.2,29.8,15
WI,27.7,35.1,32.3
WI,36.6,31.2,22.2
WI,34.5,34,22.6
WI,45.3,29.5,15.5
WI,36.7,30.9,23.4
WI,46.3,28,13.3
WI,38.8,30.6,19.2
WI,38.1,29.7,20.5
WI,31.4,35.1,26
WI,31.8,31.5,26.8
WI,38.8,31.9,20.7
WI,30,34.4,28.9
WI,24.3,30.2,41.2
WI,43.7,29.6,16.9
WI,42.3,29.9,14.6
WI,34,31.4,26.6
WI,39.2,33.2,19.6
WY,29.4,37.2,25.7
WY,17,30.2,49.3
WY,31.3,37.9,19.6
WY,34.4,37.6,19.3
WY,35.6,35.7,19.5
WY,38,35.8,17.5
WY,34.7,39.5,18.8
WY,31.7,38.7,21.3
WY,29.9,38.1,22.8
WY,30.8,39.5,20.6
WY,36.1,33,25.3
WY,26.3,38.9,27.8
WY,31.5,40.4,21.5
WY,27.5,41.9,21.9
WY,28.1,41.1,21.3
WY,28.5,36.3,28.4
WY,30.8,39.8,21.7
WY,27.2,38,29.4
WY,35.2,37.3,22.9
WY,35.4,35.5,19.6
WY,17.9,24.1,53.9
WY,36.2,34.2,19.3
WY,29.3,37,21.1
WY,32.2,37.7,18.1
PR,27.1,21.8,24.2
PR,26.5,18.4,17.1
PR,21.1,21.1,21.4
PR,26.5,19,24.2
PR,31.4,19.7,14.3
PR,32.5,20.4,20.6
PR,33.5,18.2,15.7
PR,29.3,21.6,21.8
PR,33.9,23.9,16.7
PR,33.5,21.9,15.8
PR,30.3,20.8,18.9
PR,23.3,27.1,27.9
PR,25.4,20.3,24.5
PR,26.2,22.6,29.4
PR,26.4,21.7,20.5
PR,29.8,21.5,20.5
PR,25.5,27.2,29.6
PR,29.2,22.9,21
PR,31.9,17.5,22.7
PR,32.7,23.7,18.7
PR,30.6,20.2,13
PR,32.7,20.8,22.6
PR,32.3,17.9,21
PR,31.4,18.5,12.3
PR,29.7,23.9,14.9
PR,32.5,17.7,10.3
PR,25.7,20.5,29.9
PR,33,23.9,21.2
PR,42.2,23.4,10.3
PR,35.5,15.2,15.6
PR,35.4,19.5,18.7
PR,30.1,21.3,18.9
PR,17.5,20.2,45.1
PR,23.2,21.7,33.1
PR,21.6,22.3,22.8
PR,31.7,17.9,22.4
PR,30.6,21.4,22.2
PR,30.2,20,19.4
PR,36.6,18.5,15.7
PR,29.6,20.7,21.7
PR,29.6,23.9,22.5
PR,24.8,20.2,15.2
PR,22.9,19.1,18.2
PR,26.7,10.9,15.2
PR,32.9,24.1,18.1
PR,38,22.4,13.4
PR,34.1,22.1,18.6
PR,26.5,22.5,22.4
PR,35.6,9.2,10.7
PR,25.7,21.4,16.6
PR,30.6,17.5,21.5
PR,30,17.2,19.1
PR,28.5,22.1,16.3
PR,28.2,20.6,19.9
PR,26.3,26.7,16
PR,31.8,14.7,15.4
PR,31.1,21.8,14.5
PR,31.2,20.2,17.2
PR,29.6,19.6,25.2
PR,26.2,24.1,19.7
PR,21.7,22.2,20.7
PR,31.3,23.8,19
PR,33.4,17.6,20.1
PR,33.7,19.6,17.6
PR,30.2,17,22.4
PR,21.3,22.5,34
PR,28.9,19.6,18.4
PR,23,18.4,18
PR,31.3,19.7,24.2
PR,24.5,23.8,30
PR,29.3,26.6,22.3
PR,23.5,23.7,34.9
PR,27.9,21.5,17.6
PR,22.8,23.8,18.4
PR,12.2,23.8,20
PR,33,15.6,17.5
PR,34.4,16.9,17
PR,27.4,23.4,15.1
PR,29,18.7,19.6